Kota,Waktu,PM2.5 (µg/m³),PM10 (µg/m³),CO (µg/m³),NO2 (µg/m³),Ozon (µg/m³)
Surabaya,2026-02-16 22:00:00,32.67,37.31,817.39,9.87,55.98
Surabaya,2026-02-16 23:00:00,28.5,33.0,775.38,9.98,48.88
Surabaya,2026-02-17 00:00:00,26.33,30.74,758.47,10.38,43.23
Surabaya,2026-02-17 01:00:00,24.69,28.82,733.13,10.49,38.94
Surabaya,2026-02-17 02:00:00,23.79,27.66,714.34,10.41,36.01
Surabaya,2026-02-17 03:00:00,24.17,27.95,710.51,10.5,33.43
Surabaya,2026-02-17 04:00:00,25.28,29.07,713.01,10.67,31.19
Surabaya,2026-02-17 05:00:00,26.75,30.7,717.45,11.13,28.6
Surabaya,2026-02-17 06:00:00,28.61,32.98,730.17,11.89,26.06
Surabaya,2026-02-17 07:00:00,31.02,36.5,764.0,13.16,23.97
Surabaya,2026-02-17 08:00:00,34.02,41.1,830.3,14.98,23.26
Surabaya,2026-02-17 09:00:00,37.54,46.16,907.61,16.5,25.78
Surabaya,2026-02-17 10:00:00,42.29,52.05,976.06,16.51,36.36
Surabaya,2026-02-17 11:00:00,44.73,54.52,1009.87,16.69,49.85
Surabaya,2026-02-17 12:00:00,40.02,49.5,978.03,16.36,49.93
Surabaya,2026-02-17 13:00:00,36.01,45.22,962.92,16.19,47.11
Surabaya,2026-02-17 14:00:00,33.74,42.32,957.34,16.15,45.58
Surabaya,2026-02-17 15:00:00,33.09,41.22,967.54,16.4,42.86
Surabaya,2026-02-17 16:00:00,32.35,39.25,952.6,16.16,40.58
Surabaya,2026-02-17 17:00:00,27.61,31.22,787.71,13.78,40.74
Surabaya,2026-02-17 18:00:00,27.52,31.05,817.37,16.18,34.67
Surabaya,2026-02-17 19:00:00,27.72,31.55,847.04,17.91,29.28
Surabaya,2026-02-17 20:00:00,28.81,34.07,883.14,19.32,25.63
Surabaya,2026-02-17 21:00:00,30.79,38.26,919.37,20.14,24.01
Surabaya,2026-02-17 22:00:00,31.62,40.69,917.75,19.4,24.92
Surabaya,2026-02-17 23:00:00,31.04,40.62,879.97,17.72,26.9
Surabaya,2026-02-18 00:00:00,29.67,38.65,827.1,15.83,28.53
Surabaya,2026-02-18 01:00:00,28.91,36.98,780.58,14.2,29.19
Surabaya,2026-02-18 02:00:00,25.96,31.95,685.97,11.59,31.9
Surabaya,2026-02-18 03:00:00,25.07,29.75,631.57,10.0,33.05
Surabaya,2026-02-18 04:00:00,26.5,30.68,623.46,9.6,32.16
Surabaya,2026-02-18 05:00:00,28.27,32.06,615.36,9.47,31.39
Surabaya,2026-02-18 06:00:00,29.96,33.43,600.95,9.39,32.53
Surabaya,2026-02-18 07:00:00,30.55,34.14,594.96,9.61,35.94
Surabaya,2026-02-18 08:00:00,28.91,32.9,594.07,9.92,41.64
Surabaya,2026-02-18 09:00:00,26.12,30.47,585.64,10.13,46.1
Surabaya,2026-02-18 10:00:00,22.62,27.09,560.52,9.74,49.19
Surabaya,2026-02-18 11:00:00,18.6,22.11,533.94,9.07,50.27
Surabaya,2026-02-18 12:00:00,19.01,22.15,569.53,9.57,49.13
Surabaya,2026-02-18 13:00:00,20.53,23.62,614.7,10.39,47.99
Surabaya,2026-02-18 14:00:00,20.79,23.9,640.84,11.14,46.26
Surabaya,2026-02-18 15:00:00,19.88,23.13,660.46,11.91,44.51
Surabaya,2026-02-18 16:00:00,18.56,21.99,673.81,12.62,43.54
Surabaya,2026-02-18 17:00:00,17.88,21.66,686.81,13.33,44.7
Surabaya,2026-02-18 18:00:00,16.89,20.98,695.24,14.6,41.99
Surabaya,2026-02-18 19:00:00,15.3,19.35,663.64,13.95,40.29
Surabaya,2026-02-18 20:00:00,12.67,16.28,558.4,11.22,43.69
Surabaya,2026-02-18 21:00:00,12.05,16.41,534.36,10.23,44.15
Surabaya,2026-02-18 22:00:00,11.55,16.64,514.53,9.31,44.28
Surabaya,2026-02-18 23:00:00,11.89,17.76,522.94,9.07,42.59
Surabaya,2026-02-19 00:00:00,13.12,19.58,554.32,9.44,39.52
Surabaya,2026-02-19 01:00:00,14.2,20.79,568.82,9.44,37.13
Surabaya,2026-02-19 02:00:00,15.57,22.33,577.25,9.41,34.87
Surabaya,2026-02-19 03:00:00,17.47,24.61,592.27,9.52,32.29
Surabaya,2026-02-19 04:00:00,19.28,26.69,598.87,9.5,30.05
Surabaya,2026-02-19 05:00:00,20.66,28.1,599.0,9.31,28.42
Surabaya,2026-02-19 06:00:00,21.27,28.44,575.77,8.96,28.13
Surabaya,2026-02-19 07:00:00,22.13,29.38,550.43,8.77,29.37
Surabaya,2026-02-19 08:00:00,25.04,34.28,615.21,9.84,32.73
Surabaya,2026-02-19 09:00:00,31.14,44.66,788.59,12.77,40.56
Surabaya,2026-02-19 10:00:00,40.49,57.91,929.83,14.44,62.3
Surabaya,2026-02-19 11:00:00,51.22,70.85,1008.67,15.45,85.83
Surabaya,2026-02-19 12:00:00,57.13,76.98,1033.93,16.04,93.03
Surabaya,2026-02-19 13:00:00,57.61,76.71,1040.32,16.64,93.94
Surabaya,2026-02-19 14:00:00,56.35,74.68,1046.56,17.07,91.91
Surabaya,2026-02-19 15:00:00,55.88,73.54,1069.44,17.44,88.75
Surabaya,2026-02-19 16:00:00,52.45,67.95,1016.83,16.15,85.14
Surabaya,2026-02-19 17:00:00,31.26,37.43,562.19,7.46,76.42
Surabaya,2026-02-19 18:00:00,27.81,32.93,530.35,7.12,70.44
Surabaya,2026-02-19 19:00:00,26.86,31.89,546.79,7.53,64.9
Surabaya,2026-02-19 20:00:00,27.8,33.83,621.14,9.54,56.74
Surabaya,2026-02-19 21:00:00,30.52,38.46,733.57,12.23,48.0
Surabaya,2026-02-19 22:00:00,32.62,42.19,814.59,13.87,41.61
Surabaya,2026-02-19 23:00:00,35.26,46.53,897.63,15.4,35.98
Surabaya,2026-02-20 00:00:00,38.84,51.54,995.29,17.14,30.57
Surabaya,2026-02-20 01:00:00,42.45,56.08,1076.14,18.34,25.77
Surabaya,2026-02-20 02:00:00,45.07,59.11,1125.3,18.84,22.38
Surabaya,2026-02-20 03:00:00,47.41,61.16,1146.96,18.96,19.78
Surabaya,2026-02-20 04:00:00,49.78,62.54,1147.47,18.86,17.58
Surabaya,2026-02-20 05:00:00,49.21,60.45,1117.72,18.58,15.54
Surabaya,2026-02-20 06:00:00,47.45,57.36,1068.33,18.25,13.91
Surabaya,2026-02-20 07:00:00,45.85,55.56,1023.24,17.53,14.47
Surabaya,2026-02-20 08:00:00,35.96,43.4,805.26,11.63,30.42
Surabaya,2026-02-20 09:00:00,37.6,45.31,798.55,11.34,43.46
Surabaya,2026-02-20 10:00:00,43.45,50.94,770.87,10.07,68.5
Surabaya,2026-02-20 11:00:00,45.68,53.17,726.35,9.48,80.78
Surabaya,2026-02-20 12:00:00,43.66,52.04,733.72,10.62,77.0
Surabaya,2026-02-20 13:00:00,43.72,52.77,770.4,11.86,77.87
Surabaya,2026-02-20 14:00:00,41.82,49.99,797.18,13.62,73.13
Surabaya,2026-02-20 15:00:00,36.67,43.3,789.27,14.75,61.06
Surabaya,2026-02-20 16:00:00,30.77,35.75,735.26,14.66,51.1
Surabaya,2026-02-20 17:00:00,24.52,27.68,621.61,13.0,43.45
Surabaya,2026-02-20 18:00:00,22.85,25.97,623.83,13.6,37.34
Surabaya,2026-02-20 19:00:00,22.07,25.42,633.79,13.94,33.05
Surabaya,2026-02-20 20:00:00,21.33,24.98,631.19,13.79,30.64
Surabaya,2026-02-20 21:00:00,21.43,25.2,625.89,13.18,30.74
Surabaya,2026-02-20 22:00:00,22.55,26.33,627.63,12.4,32.87
Surabaya,2026-02-20 23:00:00,23.51,25.91,598.77,9.87,39.9
Surabaya,2026-02-21 00:00:00,24.0,25.81,597.84,8.95,43.28
Surabaya,2026-02-21 01:00:00,23.73,25.21,592.68,8.42,44.93
Surabaya,2026-02-21 02:00:00,21.67,22.95,579.22,8.04,45.98
Surabaya,2026-02-21 03:00:00,19.45,20.63,556.03,7.68,46.59
Surabaya,2026-02-21 04:00:00,17.77,18.87,528.61,7.22,46.29
Surabaya,2026-02-21 05:00:00,17.06,18.38,513.01,7.03,44.85
Surabaya,2026-02-21 06:00:00,17.57,19.47,515.58,7.5,42.04
Surabaya,2026-02-21 07:00:00,18.62,21.45,531.53,8.33,39.34
Surabaya,2026-02-21 08:00:00,20.44,24.27,562.71,8.18,41.79
Surabaya,2026-02-21 09:00:00,24.07,28.5,583.06,7.37,55.02
Surabaya,2026-02-21 10:00:00,31.4,35.85,571.08,5.17,80.28
Surabaya,2026-02-21 11:00:00,32.69,36.13,494.0,2.81,92.04
Surabaya,2026-02-21 12:00:00,33.66,37.07,482.2,2.48,95.46
Surabaya,2026-02-21 13:00:00,34.11,37.57,488.61,2.59,97.51
Surabaya,2026-02-21 14:00:00,29.98,32.96,491.21,3.48,89.39
Surabaya,2026-02-21 15:00:00,24.02,26.27,482.31,3.84,77.59
Surabaya,2026-02-21 16:00:00,20.19,21.85,466.77,3.66,71.03
Surabaya,2026-02-21 17:00:00,17.82,18.94,442.3,3.17,68.31
Surabaya,2026-02-21 18:00:00,17.77,18.96,447.75,3.42,65.62
Surabaya,2026-02-21 19:00:00,17.99,19.38,451.1,3.76,61.94
Surabaya,2026-02-21 20:00:00,18.71,21.05,482.08,4.99,55.19
Surabaya,2026-02-21 21:00:00,19.82,23.45,528.45,6.34,48.72
Surabaya,2026-02-21 22:00:00,20.75,25.33,560.83,7.14,44.04
Surabaya,2026-02-21 23:00:00,21.81,26.95,590.19,7.69,40.59
Surabaya,2026-02-22 00:00:00,22.99,28.09,616.87,8.1,38.28
Surabaya,2026-02-22 01:00:00,23.92,28.68,633.34,8.25,36.93
Surabaya,2026-02-22 02:00:00,23.52,27.65,628.08,7.91,37.12
Surabaya,2026-02-22 03:00:00,22.53,25.81,608.82,7.23,38.36
Surabaya,2026-02-22 04:00:00,21.27,23.75,586.04,6.47,39.95
Surabaya,2026-02-22 05:00:00,18.79,20.1,542.1,4.46,45.61
Surabaya,2026-02-22 06:00:00,17.86,18.83,538.2,3.85,47.04
Surabaya,2026-02-22 07:00:00,17.05,18.04,542.04,3.86,46.92
Surabaya,2026-02-22 08:00:00,14.14,15.09,525.35,3.9,47.28
Surabaya,2026-02-22 09:00:00,11.98,12.9,505.72,3.91,47.52
Surabaya,2026-02-22 10:00:00,10.8,11.71,482.25,3.77,47.94
Surabaya,2026-02-22 11:00:00,9.48,10.28,441.55,3.35,48.81
Surabaya,2026-02-22 12:00:00,8.55,9.21,398.05,2.77,50.2
Surabaya,2026-02-22 13:00:00,7.98,8.54,356.38,2.22,51.17
Surabaya,2026-02-22 14:00:00,7.3,7.83,318.21,1.89,50.73
Surabaya,2026-02-22 15:00:00,6.29,6.81,283.79,1.73,48.37
Surabaya,2026-02-22 16:00:00,4.92,5.44,250.01,1.54,45.22
Surabaya,2026-02-22 17:00:00,3.57,4.08,220.7,1.44,41.01
Surabaya,2026-02-22 18:00:00,2.49,3.01,199.22,1.4,36.78
Surabaya,2026-02-22 19:00:00,1.82,2.44,184.4,1.33,33.18
Surabaya,2026-02-22 20:00:00,1.43,2.15,174.44,1.27,30.35
Surabaya,2026-02-22 21:00:00,1.2,1.96,168.3,1.22,28.26
Surabaya,2026-02-22 22:00:00,1.05,1.81,163.57,1.15,26.84
Surabaya,2026-02-22 23:00:00,0.94,1.65,160.37,1.08,25.97
Surabaya,2026-02-23 00:00:00,0.81,1.34,156.24,0.97,25.66
Surabaya,2026-02-23 01:00:00,0.71,1.15,153.87,0.85,25.85
Surabaya,2026-02-23 02:00:00,0.68,1.08,153.62,0.74,26.63
Surabaya,2026-02-23 03:00:00,0.79,1.18,159.53,0.72,27.6
Surabaya,2026-02-23 04:00:00,1.05,1.46,170.53,0.8,28.41
Surabaya,2026-02-23 05:00:00,1.37,1.78,184.27,0.97,28.95
Surabaya,2026-02-23 06:00:00,1.85,2.33,203.26,1.31,28.86
Surabaya,2026-02-23 07:00:00,2.53,3.33,230.9,1.88,28.38
Surabaya,2026-02-23 08:00:00,3.32,4.53,265.63,2.6,28.05
Surabaya,2026-02-23 09:00:00,4.26,5.82,300.84,3.14,29.33
Surabaya,2026-02-23 10:00:00,5.64,7.4,332.68,3.29,34.17
Surabaya,2026-02-23 11:00:00,8.41,10.22,368.42,3.31,43.62
Surabaya,2026-02-23 12:00:00,12.6,14.21,398.58,3.02,55.81
Surabaya,2026-02-23 13:00:00,17.5,18.83,424.86,2.71,67.32
Surabaya,2026-02-23 14:00:00,20.55,21.6,442.67,2.77,73.25
Surabaya,2026-02-23 15:00:00,20.11,20.97,452.0,3.1,71.8
Surabaya,2026-02-23 16:00:00,17.31,18.0,444.83,3.39,66.24
Surabaya,2026-02-23 17:00:00,12.19,12.7,396.55,3.07,58.14
Surabaya,2026-02-23 18:00:00,9.66,10.18,362.2,2.81,53.8
Surabaya,2026-02-23 19:00:00,8.55,9.17,333.76,2.51,52.47
Surabaya,2026-02-23 20:00:00,8.1,8.88,311.5,2.24,52.25
Surabaya,2026-02-23 21:00:00,7.87,8.74,297.23,2.08,51.94
Malang,2026-02-16 22:00:00,12.52,14.09,317.83,0.77,61.38
Malang,2026-02-16 23:00:00,13.22,14.74,344.96,1.02,59.5
Malang,2026-02-17 00:00:00,12.7,14.22,363.76,1.23,57.2
Malang,2026-02-17 01:00:00,11.25,12.78,370.1,1.36,54.6
Malang,2026-02-17 02:00:00,9.38,10.91,364.35,1.41,52.02
Malang,2026-02-17 03:00:00,7.85,9.39,353.4,1.4,49.62
Malang,2026-02-17 04:00:00,7.14,8.65,346.91,1.4,47.81
Malang,2026-02-17 05:00:00,6.97,8.4,347.2,1.45,46.37
Malang,2026-02-17 06:00:00,7.14,8.45,353.22,1.55,45.06
Malang,2026-02-17 07:00:00,7.43,8.63,360.77,1.72,43.85
Malang,2026-02-17 08:00:00,7.93,9.17,368.6,1.96,43.11
Malang,2026-02-17 09:00:00,8.31,9.6,367.73,2.03,43.2
Malang,2026-02-17 10:00:00,8.36,9.6,355.46,1.82,44.34
Malang,2026-02-17 11:00:00,8.59,9.88,335.26,1.32,47.48
Malang,2026-02-17 12:00:00,9.01,10.45,309.19,0.91,50.75
Malang,2026-02-17 13:00:00,9.26,10.86,281.72,0.64,53.13
Malang,2026-02-17 14:00:00,9.87,11.68,257.0,0.44,55.72
Malang,2026-02-17 15:00:00,10.76,12.78,247.67,0.44,57.05
Malang,2026-02-17 16:00:00,12.49,14.66,258.94,0.55,58.89
Malang,2026-02-17 17:00:00,15.03,17.22,294.71,0.83,61.47
Malang,2026-02-17 18:00:00,18.03,20.19,346.96,1.29,63.44
Malang,2026-02-17 19:00:00,21.25,23.35,416.09,2.08,64.45
Malang,2026-02-17 20:00:00,23.58,25.63,485.81,3.24,62.47
Malang,2026-02-17 21:00:00,25.06,27.31,543.3,4.53,58.84
Malang,2026-02-17 22:00:00,26.47,29.15,593.0,5.76,55.55
Malang,2026-02-17 23:00:00,26.85,29.43,606.15,6.09,54.92
Malang,2026-02-18 00:00:00,26.71,29.13,587.61,5.43,56.89
Malang,2026-02-18 01:00:00,26.11,28.37,547.79,4.29,60.34
Malang,2026-02-18 02:00:00,24.09,25.95,482.11,2.91,63.57
Malang,2026-02-18 03:00:00,20.8,22.47,420.75,2.04,62.85
Malang,2026-02-18 04:00:00,17.71,19.3,379.56,1.75,58.33
Malang,2026-02-18 05:00:00,15.61,17.07,362.34,1.82,52.98
Malang,2026-02-18 06:00:00,14.82,16.19,364.65,2.1,48.34
Malang,2026-02-18 07:00:00,15.27,16.61,379.7,2.55,45.25
Malang,2026-02-18 08:00:00,16.66,18.05,400.89,3.16,43.76
Malang,2026-02-18 09:00:00,18.07,19.5,418.74,3.64,44.55
Malang,2026-02-18 10:00:00,19.33,20.73,432.5,3.86,47.37
Malang,2026-02-18 11:00:00,20.77,22.14,440.2,3.56,54.28
Malang,2026-02-18 12:00:00,22.7,24.15,450.61,3.49,59.94
Malang,2026-02-18 13:00:00,24.86,26.42,467.44,3.49,64.03
Malang,2026-02-18 14:00:00,25.86,27.47,482.71,3.56,66.52
Malang,2026-02-18 15:00:00,25.14,26.87,496.22,3.8,66.89
Malang,2026-02-18 16:00:00,23.8,25.71,502.14,4.03,66.7
Malang,2026-02-18 17:00:00,22.29,24.27,498.4,4.13,67.14
Malang,2026-02-18 18:00:00,20.54,22.54,487.23,4.02,67.18
Malang,2026-02-18 19:00:00,19.1,21.11,474.77,3.62,66.69
Malang,2026-02-18 20:00:00,17.97,20.02,464.68,3.36,65.9
Malang,2026-02-18 21:00:00,17.0,19.19,456.83,3.31,64.48
Malang,2026-02-18 22:00:00,16.05,18.44,448.97,3.32,62.88
Malang,2026-02-18 23:00:00,15.05,17.69,437.92,3.3,61.26
Malang,2026-02-19 00:00:00,14.25,17.16,427.65,3.25,59.64
Malang,2026-02-19 01:00:00,13.64,16.78,419.15,3.16,58.28
Malang,2026-02-19 02:00:00,13.24,16.51,412.01,3.04,57.17
Malang,2026-02-19 03:00:00,13.03,16.37,409.38,2.96,56.06
Malang,2026-02-19 04:00:00,12.95,16.28,409.32,2.91,54.96
Malang,2026-02-19 05:00:00,13.04,16.39,411.6,2.89,53.85
Malang,2026-02-19 06:00:00,13.54,16.98,415.63,2.94,52.45
Malang,2026-02-19 07:00:00,14.11,17.57,416.86,3.11,51.63
Malang,2026-02-19 08:00:00,14.59,17.92,409.04,2.96,53.54
Malang,2026-02-19 09:00:00,15.96,19.06,395.69,2.36,61.04
Malang,2026-02-19 10:00:00,19.12,21.91,382.91,1.55,72.49
Malang,2026-02-19 11:00:00,22.38,24.67,376.19,0.95,82.41
Malang,2026-02-19 12:00:00,24.87,26.69,370.26,0.72,87.59
Malang,2026-02-19 13:00:00,27.55,29.11,364.11,0.62,90.48
Malang,2026-02-19 14:00:00,30.35,31.78,364.2,0.61,93.19
Malang,2026-02-19 15:00:00,32.61,33.98,366.2,0.64,95.68
Malang,2026-02-19 16:00:00,33.87,35.23,370.87,0.76,97.59
Malang,2026-02-19 17:00:00,34.22,35.62,377.66,0.95,98.52
Malang,2026-02-19 18:00:00,34.43,35.89,382.03,1.06,97.94
Malang,2026-02-19 19:00:00,35.04,36.65,386.63,1.02,97.26
Malang,2026-02-19 20:00:00,35.37,37.12,386.99,0.91,96.61
Malang,2026-02-19 21:00:00,35.42,37.28,385.54,0.85,95.91
Malang,2026-02-19 22:00:00,35.32,37.3,383.05,0.84,95.53
Malang,2026-02-19 23:00:00,34.66,36.71,378.26,0.85,95.43
Malang,2026-02-20 00:00:00,34.1,36.26,379.68,0.89,95.74
Malang,2026-02-20 01:00:00,33.47,35.73,383.66,0.94,96.27
Malang,2026-02-20 02:00:00,32.57,34.78,391.0,1.02,96.97
Malang,2026-02-20 03:00:00,31.75,33.88,403.58,1.15,97.45
Malang,2026-02-20 04:00:00,31.55,33.65,421.07,1.3,96.98
Malang,2026-02-20 05:00:00,31.6,33.42,442.2,1.47,95.56
Malang,2026-02-20 06:00:00,32.55,34.07,467.15,1.65,93.99
Malang,2026-02-20 07:00:00,33.99,35.32,491.13,1.83,92.69
Malang,2026-02-20 08:00:00,34.68,36.08,546.36,2.86,80.39
Malang,2026-02-20 09:00:00,36.26,37.96,570.87,3.29,78.24
Malang,2026-02-20 10:00:00,38.36,40.31,586.19,3.23,80.69
Malang,2026-02-20 11:00:00,45.69,48.05,608.67,2.46,95.68
Malang,2026-02-20 12:00:00,54.39,57.09,624.31,1.92,108.51
Malang,2026-02-20 13:00:00,60.61,63.3,617.55,1.44,116.0
Malang,2026-02-20 14:00:00,61.14,63.33,591.34,1.41,116.23
Malang,2026-02-20 15:00:00,54.68,56.39,551.63,1.5,109.45
Malang,2026-02-20 16:00:00,48.67,50.22,523.82,1.73,105.14
Malang,2026-02-20 17:00:00,41.24,42.31,489.49,1.81,103.77
Malang,2026-02-20 18:00:00,38.49,39.39,482.12,1.92,105.41
Malang,2026-02-20 19:00:00,38.55,39.37,491.9,2.01,108.41
Malang,2026-02-20 20:00:00,39.34,40.15,508.67,2.08,109.75
Malang,2026-02-20 21:00:00,41.53,42.41,533.16,2.03,111.09
Malang,2026-02-20 22:00:00,39.85,40.81,530.62,1.84,108.13
Malang,2026-02-20 23:00:00,34.58,35.62,488.96,1.62,97.92
Malang,2026-02-21 00:00:00,28.01,29.11,428.62,1.48,84.39
Malang,2026-02-21 01:00:00,21.26,22.37,371.84,1.34,74.11
Malang,2026-02-21 02:00:00,16.83,17.92,332.28,1.16,69.32
Malang,2026-02-21 03:00:00,13.91,14.94,310.27,0.99,68.75
Malang,2026-02-21 04:00:00,12.02,12.97,300.05,0.92,69.75
Malang,2026-02-21 05:00:00,10.18,11.13,285.52,0.84,69.78
Malang,2026-02-21 06:00:00,8.75,9.74,271.94,0.85,67.44
Malang,2026-02-21 07:00:00,7.79,8.79,264.68,0.96,64.26
Malang,2026-02-21 08:00:00,7.45,8.49,263.64,1.13,61.19
Malang,2026-02-21 09:00:00,7.86,9.01,265.12,1.19,60.15
Malang,2026-02-21 10:00:00,8.36,9.61,261.88,1.02,60.77
Malang,2026-02-21 11:00:00,9.36,10.62,261.07,0.8,62.97
Malang,2026-02-21 12:00:00,10.03,11.17,263.06,0.7,64.06
Malang,2026-02-21 13:00:00,9.84,10.86,264.0,0.67,63.43
Malang,2026-02-21 14:00:00,8.98,9.94,260.91,0.64,61.68
Malang,2026-02-21 15:00:00,7.47,8.48,246.45,0.59,58.39
Malang,2026-02-21 16:00:00,5.37,6.41,221.68,0.52,53.87
Malang,2026-02-21 17:00:00,3.39,4.36,195.91,0.44,49.06
Malang,2026-02-21 18:00:00,2.39,3.29,181.89,0.37,46.67
Malang,2026-02-21 19:00:00,2.51,3.31,186.07,0.37,47.91
Malang,2026-02-21 20:00:00,3.38,4.07,200.88,0.42,50.97
Malang,2026-02-21 21:00:00,4.05,4.71,210.88,0.49,52.85
Malang,2026-02-21 22:00:00,4.21,4.88,214.23,0.55,53.23
Malang,2026-02-21 23:00:00,4.22,4.89,216.36,0.6,52.94
Malang,2026-02-22 00:00:00,4.63,5.36,222.37,0.66,52.8
Malang,2026-02-22 01:00:00,5.23,6.01,229.43,0.69,53.04
Malang,2026-02-22 02:00:00,5.76,6.62,234.07,0.69,53.35
Malang,2026-02-22 03:00:00,6.06,7.01,236.11,0.68,53.45
Malang,2026-02-22 04:00:00,5.99,6.98,235.52,0.65,52.98
Malang,2026-02-22 05:00:00,5.57,6.56,232.45,0.6,52.32
Malang,2026-02-22 06:00:00,4.94,5.83,230.06,0.57,51.17
Malang,2026-02-22 07:00:00,4.37,5.14,230.64,0.6,49.65
Malang,2026-02-22 08:00:00,3.92,4.63,231.43,0.68,48.21
Malang,2026-02-22 09:00:00,3.22,3.95,218.25,0.63,46.69
Malang,2026-02-22 10:00:00,2.44,3.16,193.67,0.45,44.69
Malang,2026-02-22 11:00:00,1.82,2.56,170.59,0.27,41.7
Malang,2026-02-22 12:00:00,1.52,2.43,156.41,0.16,38.25
Malang,2026-02-22 13:00:00,1.32,2.41,145.9,0.11,34.5
Malang,2026-02-22 14:00:00,1.11,2.21,136.7,0.08,30.78
Malang,2026-02-22 15:00:00,0.9,1.86,128.52,0.07,27.84
Malang,2026-02-22 16:00:00,0.74,1.55,121.58,0.06,25.92
Malang,2026-02-22 17:00:00,0.62,1.31,115.7,0.06,24.68
Malang,2026-02-22 18:00:00,0.57,1.22,111.04,0.06,23.91
Malang,2026-02-22 19:00:00,0.54,1.14,108.32,0.07,23.55
Malang,2026-02-22 20:00:00,0.52,1.13,107.09,0.06,23.49
Malang,2026-02-22 21:00:00,0.51,1.08,106.91,0.06,23.55
Malang,2026-02-22 22:00:00,0.5,0.99,108.14,0.06,23.74
Malang,2026-02-22 23:00:00,0.5,0.99,111.09,0.06,24.05
Malang,2026-02-23 00:00:00,0.52,1.13,115.49,0.06,24.62
Malang,2026-02-23 01:00:00,0.57,1.32,121.2,0.06,25.5
Malang,2026-02-23 02:00:00,0.6,1.52,128.24,0.06,26.84
Malang,2026-02-23 03:00:00,0.61,1.67,134.87,0.06,28.23
Malang,2026-02-23 04:00:00,0.66,1.81,139.74,0.06,29.38
Malang,2026-02-23 05:00:00,0.66,1.65,142.99,0.07,30.12
Malang,2026-02-23 06:00:00,0.64,1.5,145.16,0.07,30.47
Malang,2026-02-23 07:00:00,0.61,1.4,147.17,0.08,30.6
Malang,2026-02-23 08:00:00,0.62,1.42,148.3,0.11,30.31
Malang,2026-02-23 09:00:00,0.67,1.49,150.13,0.16,30.1
Malang,2026-02-23 10:00:00,0.84,1.66,154.25,0.27,30.35
Malang,2026-02-23 11:00:00,1.17,1.87,164.52,0.4,32.47
Malang,2026-02-23 12:00:00,1.82,2.47,180.06,0.49,37.12
Malang,2026-02-23 13:00:00,2.9,3.54,199.45,0.56,42.93
Malang,2026-02-23 14:00:00,4.02,4.74,218.0,0.61,47.16
Malang,2026-02-23 15:00:00,4.18,5.02,223.1,0.61,46.79
Malang,2026-02-23 16:00:00,3.49,4.47,215.07,0.56,43.31
Malang,2026-02-23 17:00:00,2.75,3.95,200.62,0.47,39.19
Malang,2026-02-23 18:00:00,2.35,3.81,186.22,0.39,35.84
Malang,2026-02-23 19:00:00,2.06,3.66,173.56,0.31,33.31
Malang,2026-02-23 20:00:00,1.79,3.43,162.82,0.24,31.39
Malang,2026-02-23 21:00:00,1.53,3.1,153.14,0.17,29.72
Tulungagung,2026-02-16 22:00:00,6.29,7.58,241.63,0.38,52.03
Tulungagung,2026-02-16 23:00:00,5.83,7.07,246.49,0.44,50.14
Tulungagung,2026-02-17 00:00:00,4.97,6.26,247.41,0.47,48.44
Tulungagung,2026-02-17 01:00:00,4.31,5.71,245.99,0.5,47.21
Tulungagung,2026-02-17 02:00:00,4.0,5.57,244.94,0.54,46.4
Tulungagung,2026-02-17 03:00:00,3.98,5.66,244.07,0.59,45.51
Tulungagung,2026-02-17 04:00:00,4.03,5.73,244.14,0.66,44.49
Tulungagung,2026-02-17 05:00:00,3.95,5.54,244.04,0.74,43.37
Tulungagung,2026-02-17 06:00:00,3.97,5.35,244.73,0.8,42.36
Tulungagung,2026-02-17 07:00:00,3.96,5.13,246.35,0.88,41.46
Tulungagung,2026-02-17 08:00:00,4.1,5.25,249.74,0.99,40.68
Tulungagung,2026-02-17 09:00:00,4.22,5.46,250.03,1.03,40.19
Tulungagung,2026-02-17 10:00:00,4.29,5.53,246.05,0.95,40.34
Tulungagung,2026-02-17 11:00:00,5.09,6.4,242.69,0.64,43.64
Tulungagung,2026-02-17 12:00:00,6.62,8.14,242.52,0.49,47.67
Tulungagung,2026-02-17 13:00:00,8.56,10.33,244.07,0.42,51.53
Tulungagung,2026-02-17 14:00:00,11.16,13.3,251.46,0.41,55.95
Tulungagung,2026-02-17 15:00:00,14.23,16.78,268.85,0.5,59.82
Tulungagung,2026-02-17 16:00:00,17.38,20.26,298.84,0.68,64.09
Tulungagung,2026-02-17 17:00:00,20.11,22.94,337.72,0.94,68.61
Tulungagung,2026-02-17 18:00:00,21.6,24.21,369.16,1.14,70.86
Tulungagung,2026-02-17 19:00:00,22.11,24.47,391.78,1.33,70.89
Tulungagung,2026-02-17 20:00:00,22.05,24.04,405.31,1.53,69.93
Tulungagung,2026-02-17 21:00:00,22.16,23.85,407.36,1.54,69.83
Tulungagung,2026-02-17 22:00:00,22.17,23.67,401.02,1.4,70.09
Tulungagung,2026-02-17 23:00:00,21.54,22.84,385.17,1.19,70.05
Tulungagung,2026-02-18 00:00:00,19.94,21.1,360.55,0.94,68.95
Tulungagung,2026-02-18 01:00:00,17.15,18.23,325.66,0.72,65.57
Tulungagung,2026-02-18 02:00:00,13.34,14.43,284.69,0.61,58.89
Tulungagung,2026-02-18 03:00:00,10.48,11.64,257.83,0.64,51.82
Tulungagung,2026-02-18 04:00:00,9.27,10.54,250.19,0.78,46.62
Tulungagung,2026-02-18 05:00:00,9.17,10.5,256.96,0.97,43.87
Tulungagung,2026-02-18 06:00:00,9.95,11.25,274.83,1.19,43.39
Tulungagung,2026-02-18 07:00:00,11.72,13.03,304.31,1.54,44.28
Tulungagung,2026-02-18 08:00:00,14.34,15.69,340.46,2.1,46.0
Tulungagung,2026-02-18 09:00:00,17.16,18.6,375.71,2.67,48.54
Tulungagung,2026-02-18 10:00:00,19.97,21.52,408.88,3.13,52.26
Tulungagung,2026-02-18 11:00:00,22.58,24.33,442.25,3.61,56.31
Tulungagung,2026-02-18 12:00:00,23.72,25.65,466.91,3.9,58.64
Tulungagung,2026-02-18 13:00:00,23.79,25.81,483.52,3.84,60.54
Tulungagung,2026-02-18 14:00:00,23.39,25.86,491.91,3.54,62.5
Tulungagung,2026-02-18 15:00:00,22.94,26.12,492.88,3.29,64.49
Tulungagung,2026-02-18 16:00:00,23.13,26.84,487.2,3.1,66.88
Tulungagung,2026-02-18 17:00:00,22.2,25.62,466.67,2.85,69.54
Tulungagung,2026-02-18 18:00:00,20.34,23.4,437.7,2.51,70.83
Tulungagung,2026-02-18 19:00:00,18.95,21.83,415.85,2.17,71.2
Tulungagung,2026-02-18 20:00:00,17.86,20.63,400.42,1.99,70.96
Tulungagung,2026-02-18 21:00:00,17.07,19.88,390.34,1.96,70.1
Tulungagung,2026-02-18 22:00:00,16.5,19.41,383.87,1.98,69.1
Tulungagung,2026-02-18 23:00:00,16.2,19.18,380.89,2.02,67.76
Tulungagung,2026-02-19 00:00:00,16.44,19.51,382.1,2.07,66.27
Tulungagung,2026-02-19 01:00:00,16.91,20.04,384.65,2.05,65.14
Tulungagung,2026-02-19 02:00:00,17.61,20.74,388.21,1.98,64.44
Tulungagung,2026-02-19 03:00:00,18.23,21.26,392.13,1.9,63.95
Tulungagung,2026-02-19 04:00:00,18.54,21.4,396.41,1.83,63.36
Tulungagung,2026-02-19 05:00:00,18.62,21.37,401.17,1.77,62.42
Tulungagung,2026-02-19 06:00:00,18.97,21.73,406.19,1.74,61.29
Tulungagung,2026-02-19 07:00:00,19.41,22.2,413.19,1.85,60.35
Tulungagung,2026-02-19 08:00:00,19.64,22.44,418.1,2.0,60.1
Tulungagung,2026-02-19 09:00:00,20.14,22.81,420.89,1.94,62.76
Tulungagung,2026-02-19 10:00:00,21.92,24.38,422.52,1.57,69.23
Tulungagung,2026-02-19 11:00:00,25.48,27.6,417.55,1.05,79.7
Tulungagung,2026-02-19 12:00:00,28.72,30.5,404.46,0.81,86.44
Tulungagung,2026-02-19 13:00:00,31.67,33.24,393.02,0.7,90.19
Tulungagung,2026-02-19 14:00:00,34.69,36.15,387.4,0.67,93.05
Tulungagung,2026-02-19 15:00:00,37.47,38.89,387.15,0.7,95.68
Tulungagung,2026-02-19 16:00:00,39.02,40.41,387.12,0.8,97.86
Tulungagung,2026-02-19 17:00:00,39.53,40.93,388.66,0.93,98.93
Tulungagung,2026-02-19 18:00:00,39.38,40.83,387.33,0.97,98.53
Tulungagung,2026-02-19 19:00:00,38.89,40.44,384.38,0.91,98.47
Tulungagung,2026-02-19 20:00:00,37.75,39.38,378.59,0.83,100.2
Tulungagung,2026-02-19 21:00:00,36.78,38.51,376.59,0.81,101.73
Tulungagung,2026-02-19 22:00:00,36.48,38.34,378.32,0.81,103.31
Tulungagung,2026-02-19 23:00:00,36.42,38.34,383.82,0.82,105.1
Tulungagung,2026-02-20 00:00:00,36.42,38.35,392.3,0.83,107.17
Tulungagung,2026-02-20 01:00:00,36.08,38.0,402.76,0.83,108.59
Tulungagung,2026-02-20 02:00:00,35.81,37.43,416.51,0.84,109.38
Tulungagung,2026-02-20 03:00:00,37.38,38.75,437.33,0.87,109.78
Tulungagung,2026-02-20 04:00:00,39.31,40.58,460.4,0.9,108.32
Tulungagung,2026-02-20 05:00:00,40.1,41.31,479.68,0.95,104.79
Tulungagung,2026-02-20 06:00:00,39.73,40.82,495.75,1.01,100.26
Tulungagung,2026-02-20 07:00:00,37.89,38.84,506.33,1.07,94.8
Tulungagung,2026-02-20 08:00:00,31.51,32.54,497.41,1.21,83.07
Tulungagung,2026-02-20 09:00:00,29.23,30.53,500.33,1.4,78.56
Tulungagung,2026-02-20 10:00:00,28.35,29.91,508.96,1.59,76.92
Tulungagung,2026-02-20 11:00:00,31.72,33.51,524.09,1.49,84.24
Tulungagung,2026-02-20 12:00:00,38.07,40.16,537.78,1.44,94.01
Tulungagung,2026-02-20 13:00:00,45.08,47.46,541.79,1.35,102.65
Tulungagung,2026-02-20 14:00:00,48.49,50.67,532.65,1.52,107.68
Tulungagung,2026-02-20 15:00:00,49.67,51.74,525.03,1.78,111.88
Tulungagung,2026-02-20 16:00:00,53.34,55.55,533.13,1.99,119.58
Tulungagung,2026-02-20 17:00:00,54.86,57.05,539.07,2.04,124.73
Tulungagung,2026-02-20 18:00:00,51.79,53.92,527.22,1.9,122.54
Tulungagung,2026-02-20 19:00:00,42.64,44.81,478.49,1.63,110.48
Tulungagung,2026-02-20 20:00:00,31.68,34.17,408.22,1.35,93.66
Tulungagung,2026-02-20 21:00:00,23.01,26.08,339.53,1.1,78.5
Tulungagung,2026-02-20 22:00:00,15.38,18.88,272.49,0.83,66.09
Tulungagung,2026-02-20 23:00:00,9.83,13.46,220.37,0.6,57.52
Tulungagung,2026-02-21 00:00:00,7.19,10.74,195.6,0.44,53.57
Tulungagung,2026-02-21 01:00:00,6.21,9.63,186.71,0.35,52.06
Tulungagung,2026-02-21 02:00:00,5.71,8.89,182.64,0.3,51.3
Tulungagung,2026-02-21 03:00:00,5.17,7.98,178.14,0.27,50.54
Tulungagung,2026-02-21 04:00:00,4.71,7.12,174.98,0.26,50.05
Tulungagung,2026-02-21 05:00:00,4.32,6.42,175.43,0.28,49.28
Tulungagung,2026-02-21 06:00:00,3.97,5.93,177.21,0.31,47.8
Tulungagung,2026-02-21 07:00:00,3.72,5.58,179.63,0.34,46.15
Tulungagung,2026-02-21 08:00:00,3.51,5.15,183.25,0.38,44.9
Tulungagung,2026-02-21 09:00:00,3.36,4.8,187.65,0.42,44.25
Tulungagung,2026-02-21 10:00:00,3.32,4.63,191.65,0.43,44.15
Tulungagung,2026-02-21 11:00:00,3.5,4.69,198.12,0.45,44.89
Tulungagung,2026-02-21 12:00:00,3.56,4.73,202.27,0.45,45.67
Tulungagung,2026-02-21 13:00:00,3.42,4.62,199.65,0.41,45.98
Tulungagung,2026-02-21 14:00:00,2.95,4.22,188.81,0.33,45.32
Tulungagung,2026-02-21 15:00:00,2.24,3.5,174.65,0.27,43.55
Tulungagung,2026-02-21 16:00:00,1.74,2.9,165.97,0.25,42.2
Tulungagung,2026-02-21 17:00:00,1.62,2.65,163.23,0.25,41.8
Tulungagung,2026-02-21 18:00:00,1.78,2.78,165.34,0.27,42.4
Tulungagung,2026-02-21 19:00:00,1.93,2.92,168.67,0.28,43.76
Tulungagung,2026-02-21 20:00:00,2.03,3.04,170.28,0.29,44.97
Tulungagung,2026-02-21 21:00:00,2.21,3.33,171.69,0.3,45.73
Tulungagung,2026-02-21 22:00:00,2.59,3.82,174.2,0.3,46.16
Tulungagung,2026-02-21 23:00:00,3.12,4.42,178.96,0.33,46.35
Tulungagung,2026-02-22 00:00:00,3.58,4.95,184.01,0.35,46.47
Tulungagung,2026-02-22 01:00:00,3.76,5.19,185.6,0.35,46.46
Tulungagung,2026-02-22 02:00:00,3.6,5.08,181.73,0.32,45.87
Tulungagung,2026-02-22 03:00:00,3.23,4.65,176.26,0.28,44.82
Tulungagung,2026-02-22 04:00:00,2.75,4.09,170.34,0.25,43.3
Tulungagung,2026-02-22 05:00:00,2.26,3.49,164.77,0.22,41.6
Tulungagung,2026-02-22 06:00:00,1.89,3.07,159.82,0.21,39.96
Tulungagung,2026-02-22 07:00:00,1.67,2.84,156.26,0.2,38.42
Tulungagung,2026-02-22 08:00:00,1.57,2.78,154.44,0.21,37.22
Tulungagung,2026-02-22 09:00:00,1.48,2.75,150.15,0.18,35.89
Tulungagung,2026-02-22 10:00:00,1.35,2.63,143.31,0.14,34.06
Tulungagung,2026-02-22 11:00:00,1.17,2.33,135.69,0.09,31.7
Tulungagung,2026-02-22 12:00:00,0.98,2.05,128.99,0.07,29.33
Tulungagung,2026-02-22 13:00:00,0.84,1.95,122.68,0.06,27.23
Tulungagung,2026-02-22 14:00:00,0.76,1.91,116.64,0.05,25.58
Tulungagung,2026-02-22 15:00:00,0.7,1.81,111.49,0.05,24.55
Tulungagung,2026-02-22 16:00:00,0.68,1.7,107.17,0.05,23.92
Tulungagung,2026-02-22 17:00:00,0.64,1.59,105.11,0.06,23.72
Tulungagung,2026-02-22 18:00:00,0.6,1.51,105.36,0.06,23.77
Tulungagung,2026-02-22 19:00:00,0.56,1.38,107.31,0.06,24.03
Tulungagung,2026-02-22 20:00:00,0.56,1.34,109.95,0.06,24.31
Tulungagung,2026-02-22 21:00:00,0.56,1.32,113.14,0.06,24.67
Tulungagung,2026-02-22 22:00:00,0.55,1.24,117.35,0.06,25.29
Tulungagung,2026-02-22 23:00:00,0.55,1.17,122.01,0.06,26.06
Tulungagung,2026-02-23 00:00:00,0.55,1.24,126.91,0.06,26.93
Tulungagung,2026-02-23 01:00:00,0.56,1.42,130.81,0.06,27.63
Tulungagung,2026-02-23 02:00:00,0.63,1.59,134.34,0.06,28.24
Tulungagung,2026-02-23 03:00:00,0.66,1.72,137.19,0.06,28.8
Tulungagung,2026-02-23 04:00:00,0.69,1.81,138.89,0.06,29.02
Tulungagung,2026-02-23 05:00:00,0.67,1.79,139.63,0.06,28.95
Tulungagung,2026-02-23 06:00:00,0.65,1.75,139.42,0.06,28.57
Tulungagung,2026-02-23 07:00:00,0.66,1.76,139.46,0.07,28.21
Tulungagung,2026-02-23 08:00:00,0.76,2.0,139.58,0.09,28.1
Tulungagung,2026-02-23 09:00:00,0.98,2.47,142.57,0.12,29.02
Tulungagung,2026-02-23 10:00:00,1.31,3.06,149.62,0.17,31.77
Tulungagung,2026-02-23 11:00:00,1.84,3.82,163.02,0.24,36.27
Tulungagung,2026-02-23 12:00:00,2.52,4.68,179.81,0.32,40.07
Tulungagung,2026-02-23 13:00:00,3.05,5.3,192.76,0.37,41.33
Tulungagung,2026-02-23 14:00:00,3.09,5.38,194.01,0.35,39.72
Tulungagung,2026-02-23 15:00:00,2.58,5.03,179.79,0.28,35.75
Tulungagung,2026-02-23 16:00:00,2.11,4.71,164.05,0.21,32.32
Tulungagung,2026-02-23 17:00:00,1.83,4.41,152.42,0.16,30.05
Tulungagung,2026-02-23 18:00:00,1.67,4.1,144.73,0.12,28.52
Tulungagung,2026-02-23 19:00:00,1.58,3.89,139.25,0.1,27.45
Tulungagung,2026-02-23 20:00:00,1.48,3.63,134.36,0.08,26.48
Tulungagung,2026-02-23 21:00:00,1.46,3.67,130.57,0.07,25.7
Kediri,2026-02-16 22:00:00,8.88,9.87,285.97,0.54,61.17
Kediri,2026-02-16 23:00:00,8.18,9.13,291.76,0.63,57.86
Kediri,2026-02-17 00:00:00,6.8,7.71,291.35,0.68,54.8
Kediri,2026-02-17 01:00:00,5.73,6.63,288.31,0.73,52.38
Kediri,2026-02-17 02:00:00,5.17,6.17,286.97,0.78,50.63
Kediri,2026-02-17 03:00:00,5.1,6.22,287.52,0.86,48.99
Kediri,2026-02-17 04:00:00,5.19,6.39,290.51,0.97,47.42
Kediri,2026-02-17 05:00:00,5.1,6.24,293.68,1.08,45.81
Kediri,2026-02-17 06:00:00,5.17,6.16,297.9,1.18,44.26
Kediri,2026-02-17 07:00:00,5.22,6.08,303.01,1.29,42.79
Kediri,2026-02-17 08:00:00,5.48,6.4,309.91,1.45,41.4
Kediri,2026-02-17 09:00:00,5.67,6.73,311.24,1.5,40.64
Kediri,2026-02-17 10:00:00,5.75,6.85,305.73,1.39,40.89
Kediri,2026-02-17 11:00:00,6.92,8.13,300.41,0.92,45.86
Kediri,2026-02-17 12:00:00,9.16,10.58,298.97,0.69,51.95
Kediri,2026-02-17 13:00:00,11.95,13.57,298.24,0.57,57.77
Kediri,2026-02-17 14:00:00,15.63,17.47,303.55,0.53,64.37
Kediri,2026-02-17 15:00:00,19.9,21.97,322.91,0.64,69.79
Kediri,2026-02-17 16:00:00,24.1,26.44,358.3,0.85,74.83
Kediri,2026-02-17 17:00:00,27.4,29.66,404.26,1.17,79.3
Kediri,2026-02-17 18:00:00,28.67,30.72,439.91,1.43,80.21
Kediri,2026-02-17 19:00:00,28.65,30.49,466.16,1.73,78.43
Kediri,2026-02-17 20:00:00,28.14,29.76,482.17,2.06,76.09
Kediri,2026-02-17 21:00:00,28.27,29.72,482.01,2.08,75.88
Kediri,2026-02-17 22:00:00,28.39,29.74,469.95,1.85,76.64
Kediri,2026-02-17 23:00:00,27.65,28.85,445.55,1.52,76.86
Kediri,2026-02-18 00:00:00,25.71,26.69,414.56,1.17,75.95
Kediri,2026-02-18 01:00:00,22.33,23.12,375.27,0.9,72.56
Kediri,2026-02-18 02:00:00,17.72,18.41,331.3,0.79,65.54
Kediri,2026-02-18 03:00:00,14.21,14.92,305.73,0.88,58.0
Kediri,2026-02-18 04:00:00,12.81,13.6,304.54,1.11,52.34
Kediri,2026-02-18 05:00:00,12.81,13.62,321.57,1.41,49.29
Kediri,2026-02-18 06:00:00,13.98,14.77,352.26,1.74,48.61
Kediri,2026-02-18 07:00:00,16.59,17.41,395.62,2.26,49.35
Kediri,2026-02-18 08:00:00,20.33,21.26,440.76,3.04,50.91
Kediri,2026-02-18 09:00:00,24.01,25.01,474.96,3.78,53.44
Kediri,2026-02-18 10:00:00,27.17,28.2,497.88,4.29,57.62
Kediri,2026-02-18 11:00:00,29.35,30.38,514.82,4.79,61.72
Kediri,2026-02-18 12:00:00,29.4,30.41,523.75,5.02,63.69
Kediri,2026-02-18 13:00:00,28.47,29.45,530.23,4.85,65.36
Kediri,2026-02-18 14:00:00,27.45,28.46,538.05,4.41,67.48
Kediri,2026-02-18 15:00:00,26.76,27.98,545.1,4.05,69.89
Kediri,2026-02-18 16:00:00,26.97,28.4,544.45,3.76,72.67
Kediri,2026-02-18 17:00:00,25.85,27.2,522.68,3.45,74.99
Kediri,2026-02-18 18:00:00,23.16,24.31,488.2,3.04,75.57
Kediri,2026-02-18 19:00:00,20.87,21.9,462.15,2.64,75.03
Kediri,2026-02-18 20:00:00,19.17,20.21,444.67,2.48,73.9
Kediri,2026-02-18 21:00:00,17.98,19.12,434.0,2.49,71.98
Kediri,2026-02-18 22:00:00,17.1,18.4,427.87,2.57,69.99
Kediri,2026-02-18 23:00:00,16.69,18.14,426.15,2.68,67.59
Kediri,2026-02-19 00:00:00,17.0,18.65,429.56,2.77,64.94
Kediri,2026-02-19 01:00:00,17.51,19.32,433.66,2.76,62.9
Kediri,2026-02-19 02:00:00,18.24,20.18,438.55,2.66,61.32
Kediri,2026-02-19 03:00:00,18.95,20.97,442.47,2.55,59.91
Kediri,2026-02-19 04:00:00,19.36,21.4,445.7,2.45,58.34
Kediri,2026-02-19 05:00:00,19.37,21.44,447.88,2.35,56.4
Kediri,2026-02-19 06:00:00,19.22,21.31,448.31,2.3,54.38
Kediri,2026-02-19 07:00:00,19.07,21.22,449.8,2.41,52.78
Kediri,2026-02-19 08:00:00,18.87,21.09,449.03,2.59,52.32
Kediri,2026-02-19 09:00:00,19.54,21.76,447.78,2.45,56.12
Kediri,2026-02-19 10:00:00,22.15,24.32,447.22,1.91,65.14
Kediri,2026-02-19 11:00:00,27.7,29.7,441.04,1.18,79.58
Kediri,2026-02-19 12:00:00,32.61,34.34,425.75,0.85,89.13
Kediri,2026-02-19 13:00:00,36.54,38.09,410.48,0.72,94.1
Kediri,2026-02-19 14:00:00,40.19,41.65,402.2,0.7,97.49
Kediri,2026-02-19 15:00:00,43.67,45.13,400.89,0.74,100.8
Kediri,2026-02-19 16:00:00,45.84,47.31,400.29,0.85,103.65
Kediri,2026-02-19 17:00:00,46.86,48.35,401.59,1.0,105.05
Kediri,2026-02-19 18:00:00,47.0,48.54,398.52,1.03,104.76
Kediri,2026-02-19 19:00:00,46.43,48.06,390.9,0.95,104.93
Kediri,2026-02-19 20:00:00,44.61,46.28,378.12,0.85,107.36
Kediri,2026-02-19 21:00:00,42.48,44.13,369.59,0.82,108.99
Kediri,2026-02-19 22:00:00,41.04,42.68,366.99,0.81,110.4
Kediri,2026-02-19 23:00:00,40.1,41.72,370.95,0.82,111.63
Kediri,2026-02-20 00:00:00,39.81,41.4,381.83,0.84,113.14
Kediri,2026-02-20 01:00:00,39.34,40.88,397.26,0.86,113.9
Kediri,2026-02-20 02:00:00,38.87,40.14,419.43,0.88,114.39
Kediri,2026-02-20 03:00:00,40.67,41.71,452.22,0.93,114.75
Kediri,2026-02-20 04:00:00,43.22,44.17,488.19,0.99,112.57
Kediri,2026-02-20 05:00:00,44.33,45.18,519.4,1.09,107.85
Kediri,2026-02-20 06:00:00,44.11,44.86,545.86,1.19,102.23
Kediri,2026-02-20 07:00:00,42.29,42.95,565.33,1.28,95.94
Kediri,2026-02-20 08:00:00,39.64,40.38,573.01,1.45,89.31
Kediri,2026-02-20 09:00:00,36.9,37.8,575.86,1.67,83.34
Kediri,2026-02-20 10:00:00,35.09,36.14,575.9,1.82,80.47
Kediri,2026-02-20 11:00:00,38.58,39.87,578.86,1.53,89.17
Kediri,2026-02-20 12:00:00,45.61,47.22,582.63,1.43,100.79
Kediri,2026-02-20 13:00:00,53.55,55.5,582.19,1.35,111.28
Kediri,2026-02-20 14:00:00,56.08,58.0,563.07,1.6,115.87
Kediri,2026-02-20 15:00:00,55.21,57.02,538.56,1.85,118.1
Kediri,2026-02-20 16:00:00,58.42,60.33,542.69,2.05,124.82
Kediri,2026-02-20 17:00:00,60.96,62.78,556.24,2.11,130.88
Kediri,2026-02-20 18:00:00,61.19,62.83,565.27,2.02,133.72
Kediri,2026-02-20 19:00:00,56.06,57.59,550.51,1.81,129.22
Kediri,2026-02-20 20:00:00,48.31,49.82,517.68,1.62,118.45
Kediri,2026-02-20 21:00:00,40.55,42.13,472.28,1.44,104.82
Kediri,2026-02-20 22:00:00,28.72,30.26,387.99,1.18,87.29
Kediri,2026-02-20 23:00:00,17.91,19.39,297.28,0.9,72.01
Kediri,2026-02-21 00:00:00,12.06,13.54,241.91,0.67,64.66
Kediri,2026-02-21 01:00:00,9.77,11.29,220.93,0.51,62.86
Kediri,2026-02-21 02:00:00,8.69,10.14,215.32,0.42,63.0
Kediri,2026-02-21 03:00:00,7.61,8.85,210.49,0.38,62.86
Kediri,2026-02-21 04:00:00,6.89,7.93,206.36,0.38,62.68
Kediri,2026-02-21 05:00:00,6.38,7.43,205.57,0.43,61.87
Kediri,2026-02-21 06:00:00,5.79,6.89,205.85,0.48,59.36
Kediri,2026-02-21 07:00:00,5.34,6.5,207.52,0.55,56.37
Kediri,2026-02-21 08:00:00,5.12,6.24,211.9,0.63,53.97
Kediri,2026-02-21 09:00:00,5.07,6.16,217.41,0.68,52.52
Kediri,2026-02-21 10:00:00,5.2,6.26,223.1,0.68,52.2
Kediri,2026-02-21 11:00:00,5.69,6.73,232.29,0.65,53.31
Kediri,2026-02-21 12:00:00,5.97,6.97,240.91,0.65,54.36
Kediri,2026-02-21 13:00:00,5.83,6.8,241.65,0.62,54.74
Kediri,2026-02-21 14:00:00,5.04,6.03,228.7,0.51,53.84
Kediri,2026-02-21 15:00:00,3.62,4.64,203.82,0.42,50.71
Kediri,2026-02-21 16:00:00,2.45,3.41,182.11,0.35,47.48
Kediri,2026-02-21 17:00:00,1.9,2.75,171.33,0.33,45.66
Kediri,2026-02-21 18:00:00,2.01,2.79,172.51,0.35,46.22
Kediri,2026-02-21 19:00:00,2.41,3.14,179.64,0.37,48.54
Kediri,2026-02-21 20:00:00,2.68,3.35,184.12,0.39,50.56
Kediri,2026-02-21 21:00:00,2.75,3.4,185.61,0.4,51.56
Kediri,2026-02-21 22:00:00,3.02,3.7,188.14,0.42,52.03
Kediri,2026-02-21 23:00:00,3.72,4.46,195.12,0.45,52.52
Kediri,2026-02-22 00:00:00,4.59,5.41,204.62,0.49,53.1
Kediri,2026-02-22 01:00:00,5.15,6.01,210.81,0.51,53.57
Kediri,2026-02-22 02:00:00,5.16,6.09,209.04,0.48,53.34
Kediri,2026-02-22 03:00:00,4.75,5.7,203.37,0.44,52.57
Kediri,2026-02-22 04:00:00,4.12,5.06,196.66,0.4,51.08
Kediri,2026-02-22 05:00:00,3.36,4.21,190.04,0.36,49.36
Kediri,2026-02-22 06:00:00,2.71,3.44,184.91,0.34,47.5
Kediri,2026-02-22 07:00:00,2.3,2.96,181.87,0.34,45.65
Kediri,2026-02-22 08:00:00,2.11,2.77,181.22,0.36,44.12
Kediri,2026-02-22 09:00:00,1.89,2.59,174.54,0.31,42.55
Kediri,2026-02-22 10:00:00,1.6,2.33,163.46,0.21,40.36
Kediri,2026-02-22 11:00:00,1.35,2.09,152.8,0.13,37.22
Kediri,2026-02-22 12:00:00,1.13,1.92,144.51,0.09,33.67
Kediri,2026-02-22 13:00:00,0.95,1.8,136.66,0.07,30.32
Kediri,2026-02-22 14:00:00,0.77,1.58,128.82,0.05,27.59
Kediri,2026-02-22 15:00:00,0.65,1.4,122.29,0.05,25.91
Kediri,2026-02-22 16:00:00,0.6,1.27,116.99,0.05,24.94
Kediri,2026-02-22 17:00:00,0.55,1.14,113.67,0.05,24.51
Kediri,2026-02-22 18:00:00,0.51,1.05,112.74,0.06,24.44
Kediri,2026-02-22 19:00:00,0.5,0.96,113.57,0.06,24.64
Kediri,2026-02-22 20:00:00,0.5,0.93,115.09,0.06,24.91
Kediri,2026-02-22 21:00:00,0.5,0.93,117.12,0.06,25.15
Kediri,2026-02-22 22:00:00,0.5,0.89,120.38,0.06,25.67
Kediri,2026-02-22 23:00:00,0.5,0.88,124.84,0.06,26.4
Kediri,2026-02-23 00:00:00,0.5,0.92,130.41,0.06,27.46
Kediri,2026-02-23 01:00:00,0.5,0.99,135.81,0.06,28.61
Kediri,2026-02-23 02:00:00,0.54,1.12,140.83,0.07,29.77
Kediri,2026-02-23 03:00:00,0.57,1.28,144.44,0.07,30.69
Kediri,2026-02-23 04:00:00,0.62,1.44,146.81,0.07,31.2
Kediri,2026-02-23 05:00:00,0.62,1.44,148.65,0.07,31.37
Kediri,2026-02-23 06:00:00,0.6,1.42,149.6,0.07,31.16
Kediri,2026-02-23 07:00:00,0.59,1.42,150.03,0.08,30.79
Kediri,2026-02-23 08:00:00,0.64,1.5,148.74,0.1,30.29
Kediri,2026-02-23 09:00:00,0.8,1.74,148.35,0.17,30.28
Kediri,2026-02-23 10:00:00,1.12,2.16,152.02,0.26,31.94
Kediri,2026-02-23 11:00:00,1.69,2.71,165.44,0.37,36.51
Kediri,2026-02-23 12:00:00,2.59,3.6,187.71,0.47,41.99
Kediri,2026-02-23 13:00:00,3.6,4.6,211.15,0.56,45.55
Kediri,2026-02-23 14:00:00,3.98,5.08,222.53,0.57,45.55
Kediri,2026-02-23 15:00:00,3.32,4.6,211.74,0.5,41.66
Kediri,2026-02-23 16:00:00,2.47,3.88,191.87,0.38,37.33
Kediri,2026-02-23 17:00:00,1.96,3.46,174.83,0.29,34.28
Kediri,2026-02-23 18:00:00,1.69,3.21,163.03,0.22,32.16
Kediri,2026-02-23 19:00:00,1.51,2.99,154.17,0.16,30.61
Kediri,2026-02-23 20:00:00,1.36,2.75,147.0,0.11,29.24
Kediri,2026-02-23 21:00:00,1.27,2.68,141.18,0.09,27.93
Madiun,2026-02-16 22:00:00,11.18,12.41,364.95,2.14,52.94
Madiun,2026-02-16 23:00:00,10.68,11.91,368.57,2.18,50.21
Madiun,2026-02-17 00:00:00,10.55,11.8,371.94,2.18,48.8
Madiun,2026-02-17 01:00:00,10.55,11.78,376.36,2.2,48.07
Madiun,2026-02-17 02:00:00,10.29,11.5,377.38,2.23,47.5
Madiun,2026-02-17 03:00:00,9.73,10.93,371.84,2.24,46.38
Madiun,2026-02-17 04:00:00,9.02,10.2,362.79,2.17,45.0
Madiun,2026-02-17 05:00:00,8.39,9.55,352.34,2.03,43.43
Madiun,2026-02-17 06:00:00,7.99,9.09,344.37,1.91,42.01
Madiun,2026-02-17 07:00:00,7.86,8.92,343.76,1.95,40.44
Madiun,2026-02-17 08:00:00,9.01,10.47,372.16,2.55,38.67
Madiun,2026-02-17 09:00:00,11.44,13.69,419.0,3.45,37.71
Madiun,2026-02-17 10:00:00,14.63,17.65,464.74,4.08,39.2
Madiun,2026-02-17 11:00:00,18.73,22.35,502.56,4.36,46.19
Madiun,2026-02-17 12:00:00,22.0,25.93,518.1,4.48,53.71
Madiun,2026-02-17 13:00:00,25.0,29.13,528.71,4.54,59.87
Madiun,2026-02-17 14:00:00,29.68,33.98,545.7,4.38,67.9
Madiun,2026-02-17 15:00:00,35.25,39.67,571.17,4.41,76.16
Madiun,2026-02-17 16:00:00,38.87,43.22,588.92,4.55,82.09
Madiun,2026-02-17 17:00:00,37.89,40.79,534.38,3.93,88.2
Madiun,2026-02-17 18:00:00,33.53,35.76,481.5,3.46,86.06
Madiun,2026-02-17 19:00:00,29.75,31.64,441.14,2.78,81.97
Madiun,2026-02-17 20:00:00,27.29,28.96,422.06,2.39,79.51
Madiun,2026-02-17 21:00:00,27.37,29.0,427.76,2.38,78.69
Madiun,2026-02-17 22:00:00,26.06,27.71,421.55,2.49,74.93
Madiun,2026-02-17 23:00:00,23.1,24.56,402.35,2.74,67.64
Madiun,2026-02-18 00:00:00,20.08,21.24,383.86,3.02,60.24
Madiun,2026-02-18 01:00:00,17.91,18.85,369.92,3.16,54.28
Madiun,2026-02-18 02:00:00,16.24,17.13,356.91,3.13,49.91
Madiun,2026-02-18 03:00:00,15.42,16.34,348.7,3.04,47.59
Madiun,2026-02-18 04:00:00,15.14,16.08,345.06,2.93,47.65
Madiun,2026-02-18 05:00:00,15.84,16.83,352.38,3.02,48.47
Madiun,2026-02-18 06:00:00,17.88,18.99,378.73,3.42,48.93
Madiun,2026-02-18 07:00:00,20.32,21.59,413.85,4.02,49.79
Madiun,2026-02-18 08:00:00,22.68,24.09,449.48,4.94,50.68
Madiun,2026-02-18 09:00:00,23.87,25.34,471.91,5.73,52.29
Madiun,2026-02-18 10:00:00,24.33,25.81,488.35,6.24,55.74
Madiun,2026-02-18 11:00:00,23.42,24.7,488.45,5.8,60.62
Madiun,2026-02-18 12:00:00,22.76,23.94,493.94,5.01,63.31
Madiun,2026-02-18 13:00:00,23.36,24.57,516.23,4.68,64.87
Madiun,2026-02-18 14:00:00,24.59,25.97,538.19,4.33,67.26
Madiun,2026-02-18 15:00:00,25.06,26.85,537.44,4.2,68.9
Madiun,2026-02-18 16:00:00,25.29,27.46,521.64,4.24,70.92
Madiun,2026-02-18 17:00:00,22.98,24.92,484.59,4.37,70.93
Madiun,2026-02-18 18:00:00,19.35,21.06,447.98,4.63,68.7
Madiun,2026-02-18 19:00:00,17.63,19.36,437.59,4.92,66.05
Madiun,2026-02-18 20:00:00,16.82,18.81,437.1,5.26,63.38
Madiun,2026-02-18 21:00:00,16.85,19.19,442.3,5.54,61.25
Madiun,2026-02-18 22:00:00,17.49,20.08,445.41,5.58,59.97
Madiun,2026-02-18 23:00:00,18.43,20.89,437.44,4.71,61.53
Madiun,2026-02-19 00:00:00,20.18,22.66,440.51,4.19,62.08
Madiun,2026-02-19 01:00:00,21.69,24.23,445.32,3.91,61.61
Madiun,2026-02-19 02:00:00,23.19,25.82,449.51,3.67,61.16
Madiun,2026-02-19 03:00:00,24.47,27.14,451.32,3.55,60.08
Madiun,2026-02-19 04:00:00,25.21,27.89,451.02,3.53,57.98
Madiun,2026-02-19 05:00:00,25.42,28.1,448.96,3.58,54.75
Madiun,2026-02-19 06:00:00,25.49,28.23,447.22,3.69,51.41
Madiun,2026-02-19 07:00:00,25.7,28.58,447.95,3.99,48.78
Madiun,2026-02-19 08:00:00,26.26,29.6,458.34,4.31,48.43
Madiun,2026-02-19 09:00:00,28.33,32.38,476.63,4.3,54.67
Madiun,2026-02-19 10:00:00,34.49,39.17,491.74,3.51,71.82
Madiun,2026-02-19 11:00:00,43.47,48.41,494.24,2.45,94.51
Madiun,2026-02-19 12:00:00,48.31,53.13,481.35,2.13,105.55
Madiun,2026-02-19 13:00:00,51.97,56.68,471.27,1.98,112.07
Madiun,2026-02-19 14:00:00,55.78,60.43,468.29,2.09,116.52
Madiun,2026-02-19 15:00:00,58.33,62.84,469.61,2.36,117.7
Madiun,2026-02-19 16:00:00,58.71,62.82,462.54,2.57,116.48
Madiun,2026-02-19 17:00:00,51.84,54.56,417.18,2.29,109.39
Madiun,2026-02-19 18:00:00,46.75,49.05,398.47,2.26,104.86
Madiun,2026-02-19 19:00:00,42.59,44.69,388.5,2.12,103.03
Madiun,2026-02-19 20:00:00,37.38,39.25,378.91,2.01,101.59
Madiun,2026-02-19 21:00:00,34.37,36.1,384.75,2.05,101.5
Madiun,2026-02-19 22:00:00,36.02,37.74,408.81,2.14,103.37
Madiun,2026-02-19 23:00:00,41.43,43.22,448.19,2.22,106.7
Madiun,2026-02-20 00:00:00,47.62,49.48,492.68,2.22,110.53
Madiun,2026-02-20 01:00:00,50.73,52.59,528.41,2.14,111.73
Madiun,2026-02-20 02:00:00,52.4,54.01,559.46,2.09,110.49
Madiun,2026-02-20 03:00:00,54.14,55.51,585.17,2.1,107.65
Madiun,2026-02-20 04:00:00,51.51,52.71,592.65,2.11,100.51
Madiun,2026-02-20 05:00:00,44.74,45.8,582.37,2.15,91.07
Madiun,2026-02-20 06:00:00,38.42,39.43,572.57,2.38,81.71
Madiun,2026-02-20 07:00:00,33.8,34.87,565.58,2.81,73.47
Madiun,2026-02-20 08:00:00,32.66,34.83,608.6,4.21,65.38
Madiun,2026-02-20 09:00:00,33.16,36.22,634.69,4.91,64.85
Madiun,2026-02-20 10:00:00,37.04,41.04,668.67,5.24,71.67
Madiun,2026-02-20 11:00:00,47.5,52.24,696.03,4.75,91.6
Madiun,2026-02-20 12:00:00,57.64,62.59,695.57,4.16,107.49
Madiun,2026-02-20 13:00:00,64.47,69.24,668.1,3.61,118.02
Madiun,2026-02-20 14:00:00,67.5,71.43,633.9,3.34,125.31
Madiun,2026-02-20 15:00:00,68.94,72.55,627.37,3.55,129.6
Madiun,2026-02-20 16:00:00,68.6,72.14,627.12,3.83,130.87
Madiun,2026-02-20 17:00:00,64.01,67.32,614.2,3.93,125.65
Madiun,2026-02-20 18:00:00,55.71,58.94,578.42,3.64,114.23
Madiun,2026-02-20 19:00:00,43.95,47.32,510.48,3.05,98.71
Madiun,2026-02-20 20:00:00,31.82,35.02,422.37,2.2,84.87
Madiun,2026-02-20 21:00:00,22.98,25.75,351.6,1.64,74.94
Madiun,2026-02-20 22:00:00,17.22,19.58,297.85,1.23,69.07
Madiun,2026-02-20 23:00:00,13.7,15.84,261.72,1.0,65.76
Madiun,2026-02-21 00:00:00,11.75,13.86,243.71,0.95,63.57
Madiun,2026-02-21 01:00:00,10.4,12.4,233.92,1.0,61.62
Madiun,2026-02-21 02:00:00,9.24,11.03,227.82,1.1,59.5
Madiun,2026-02-21 03:00:00,8.45,9.98,229.04,1.25,57.3
Madiun,2026-02-21 04:00:00,8.22,9.59,239.37,1.45,55.34
Madiun,2026-02-21 05:00:00,8.39,9.76,255.57,1.63,53.41
Madiun,2026-02-21 06:00:00,8.77,10.23,271.9,1.79,51.35
Madiun,2026-02-21 07:00:00,9.16,10.69,285.31,1.98,49.39
Madiun,2026-02-21 08:00:00,9.37,10.89,291.07,2.06,48.34
Madiun,2026-02-21 09:00:00,9.74,11.29,302.63,2.19,47.81
Madiun,2026-02-21 10:00:00,10.3,11.89,313.6,2.23,48.32
Madiun,2026-02-21 11:00:00,10.42,11.93,315.72,2.02,50.24
Madiun,2026-02-21 12:00:00,10.07,11.55,309.82,1.68,52.23
Madiun,2026-02-21 13:00:00,10.22,11.75,299.04,1.35,54.27
Madiun,2026-02-21 14:00:00,9.96,11.52,276.52,0.99,55.61
Madiun,2026-02-21 15:00:00,8.41,9.8,247.15,0.79,54.41
Madiun,2026-02-21 16:00:00,6.49,7.66,222.09,0.67,52.55
Madiun,2026-02-21 17:00:00,5.01,5.92,206.5,0.62,51.28
Madiun,2026-02-21 18:00:00,4.35,5.13,203.4,0.64,51.12
Madiun,2026-02-21 19:00:00,4.45,5.25,210.37,0.72,51.42
Madiun,2026-02-21 20:00:00,5.34,6.2,226.23,0.9,51.88
Madiun,2026-02-21 21:00:00,6.71,7.67,245.55,1.09,52.67
Madiun,2026-02-21 22:00:00,8.26,9.34,265.46,1.29,53.28
Madiun,2026-02-21 23:00:00,9.42,10.51,284.13,1.48,53.43
Madiun,2026-02-22 00:00:00,9.9,10.9,297.48,1.65,52.97
Madiun,2026-02-22 01:00:00,9.63,10.53,301.85,1.72,52.09
Madiun,2026-02-22 02:00:00,8.69,9.52,294.57,1.67,50.49
Madiun,2026-02-22 03:00:00,7.42,8.2,281.15,1.54,48.76
Madiun,2026-02-22 04:00:00,6.07,6.81,263.19,1.33,47.04
Madiun,2026-02-22 05:00:00,4.99,5.73,244.97,1.11,45.44
Madiun,2026-02-22 06:00:00,4.47,5.25,233.7,0.98,43.89
Madiun,2026-02-22 07:00:00,4.51,5.37,233.08,1.02,42.27
Madiun,2026-02-22 08:00:00,4.62,5.54,235.98,1.14,41.04
Madiun,2026-02-22 09:00:00,4.43,5.37,230.6,1.12,39.91
Madiun,2026-02-22 10:00:00,3.99,4.94,215.06,0.91,38.67
Madiun,2026-02-22 11:00:00,3.44,4.32,194.52,0.62,37.33
Madiun,2026-02-22 12:00:00,2.8,3.57,173.98,0.37,35.62
Madiun,2026-02-22 13:00:00,2.05,2.76,154.27,0.21,33.37
Madiun,2026-02-22 14:00:00,1.42,2.13,138.51,0.12,30.86
Madiun,2026-02-22 15:00:00,1.03,1.77,128.59,0.11,28.66
Madiun,2026-02-22 16:00:00,0.84,1.59,123.17,0.11,27.19
Madiun,2026-02-22 17:00:00,0.71,1.38,122.03,0.12,26.56
Madiun,2026-02-22 18:00:00,0.62,1.23,124.27,0.13,26.52
Madiun,2026-02-22 19:00:00,0.59,1.16,129.17,0.15,26.82
Madiun,2026-02-22 20:00:00,0.6,1.17,134.77,0.17,27.27
Madiun,2026-02-22 21:00:00,0.62,1.19,139.56,0.2,27.89
Madiun,2026-02-22 22:00:00,0.65,1.19,143.76,0.21,28.68
Madiun,2026-02-22 23:00:00,0.68,1.18,147.59,0.23,29.48
Madiun,2026-02-23 00:00:00,0.72,1.24,151.75,0.25,30.2
Madiun,2026-02-23 01:00:00,0.78,1.38,155.09,0.28,30.63
Madiun,2026-02-23 02:00:00,0.92,1.57,159.81,0.34,30.71
Madiun,2026-02-23 03:00:00,1.09,1.76,166.56,0.45,30.59
Madiun,2026-02-23 04:00:00,1.25,1.94,172.72,0.56,30.23
Madiun,2026-02-23 05:00:00,1.39,2.11,177.44,0.66,29.8
Madiun,2026-02-23 06:00:00,1.61,2.4,183.24,0.79,29.38
Madiun,2026-02-23 07:00:00,1.99,2.89,192.63,1.01,29.45
Madiun,2026-02-23 08:00:00,2.5,3.51,204.72,1.31,30.51
Madiun,2026-02-23 09:00:00,3.27,4.41,221.98,1.62,33.02
Madiun,2026-02-23 10:00:00,4.24,5.48,242.2,1.8,37.4
Madiun,2026-02-23 11:00:00,5.3,6.58,261.56,1.76,42.67
Madiun,2026-02-23 12:00:00,6.18,7.45,276.85,1.65,45.87
Madiun,2026-02-23 13:00:00,6.85,8.05,288.0,1.54,47.21
Madiun,2026-02-23 14:00:00,5.93,7.12,264.45,1.1,45.63
Madiun,2026-02-23 15:00:00,4.5,5.76,224.96,0.73,41.9
Madiun,2026-02-23 16:00:00,3.79,5.1,200.57,0.54,39.88
Madiun,2026-02-23 17:00:00,3.38,4.64,186.4,0.45,38.64
Madiun,2026-02-23 18:00:00,3.19,4.49,178.35,0.41,37.54
Madiun,2026-02-23 19:00:00,2.87,4.26,170.33,0.37,36.05
Madiun,2026-02-23 20:00:00,2.4,3.85,160.76,0.31,34.17
Madiun,2026-02-23 21:00:00,2.04,3.61,151.7,0.24,32.8
Jember,2026-02-16 22:00:00,7.17,9.29,256.8,0.47,56.58
Jember,2026-02-16 23:00:00,8.1,10.16,271.01,0.54,56.32
Jember,2026-02-17 00:00:00,9.55,11.59,295.84,0.66,57.08
Jember,2026-02-17 01:00:00,11.34,13.42,331.53,0.84,58.87
Jember,2026-02-17 02:00:00,12.77,14.9,374.87,1.05,60.35
Jember,2026-02-17 03:00:00,13.36,15.46,410.27,1.27,59.8
Jember,2026-02-17 04:00:00,12.96,14.94,430.24,1.44,57.73
Jember,2026-02-17 05:00:00,11.91,13.6,438.1,1.56,55.25
Jember,2026-02-17 06:00:00,10.87,12.41,444.38,1.69,52.7
Jember,2026-02-17 07:00:00,10.18,11.67,451.61,1.89,50.22
Jember,2026-02-17 08:00:00,10.24,11.93,458.86,2.19,47.82
Jember,2026-02-17 09:00:00,10.2,12.07,453.92,2.37,46.25
Jember,2026-02-17 10:00:00,9.83,11.68,433.58,2.28,46.28
Jember,2026-02-17 11:00:00,9.93,11.95,407.74,1.85,49.01
Jember,2026-02-17 12:00:00,10.53,12.89,378.26,1.34,52.47
Jember,2026-02-17 13:00:00,11.1,13.77,344.4,0.88,55.18
Jember,2026-02-17 14:00:00,10.67,13.55,305.88,0.65,55.22
Jember,2026-02-17 15:00:00,9.28,12.02,271.77,0.57,52.68
Jember,2026-02-17 16:00:00,8.23,10.73,250.02,0.54,51.01
Jember,2026-02-17 17:00:00,7.6,9.44,242.13,0.57,50.91
Jember,2026-02-17 18:00:00,7.73,9.2,247.86,0.63,51.64
Jember,2026-02-17 19:00:00,8.81,10.09,268.9,0.71,53.94
Jember,2026-02-17 20:00:00,10.91,12.23,303.41,0.86,56.81
Jember,2026-02-17 21:00:00,13.83,15.36,351.11,1.12,59.27
Jember,2026-02-17 22:00:00,17.43,19.16,416.64,1.58,60.83
Jember,2026-02-17 23:00:00,21.52,23.56,498.36,2.32,60.9
Jember,2026-02-18 00:00:00,25.27,27.82,582.18,3.27,58.85
Jember,2026-02-18 01:00:00,27.91,31.04,650.25,4.23,55.09
Jember,2026-02-18 02:00:00,28.18,30.97,672.79,4.76,52.18
Jember,2026-02-18 03:00:00,27.93,30.22,667.81,4.91,51.21
Jember,2026-02-18 04:00:00,27.16,29.13,640.19,4.74,51.73
Jember,2026-02-18 05:00:00,25.42,27.11,601.45,4.51,51.92
Jember,2026-02-18 06:00:00,23.42,24.97,566.04,4.37,50.97
Jember,2026-02-18 07:00:00,21.59,23.08,535.94,4.35,49.28
Jember,2026-02-18 08:00:00,20.67,22.25,514.36,4.4,48.29
Jember,2026-02-18 09:00:00,20.4,22.15,497.62,4.2,49.49
Jember,2026-02-18 10:00:00,19.99,21.79,472.93,3.65,52.61
Jember,2026-02-18 11:00:00,18.62,20.51,436.46,2.85,56.16
Jember,2026-02-18 12:00:00,17.45,19.43,406.93,2.25,57.82
Jember,2026-02-18 13:00:00,16.7,18.65,386.55,1.91,58.37
Jember,2026-02-18 14:00:00,16.59,18.43,376.46,1.79,58.92
Jember,2026-02-18 15:00:00,18.45,20.32,391.22,1.95,61.11
Jember,2026-02-18 16:00:00,21.68,23.62,426.62,2.35,64.95
Jember,2026-02-18 17:00:00,24.68,26.57,469.34,2.95,68.79
Jember,2026-02-18 18:00:00,26.0,28.0,502.01,3.39,69.63
Jember,2026-02-18 19:00:00,25.99,28.13,521.03,3.5,68.66
Jember,2026-02-18 20:00:00,25.06,27.36,528.74,3.48,66.94
Jember,2026-02-18 21:00:00,23.67,26.14,530.75,3.43,64.67
Jember,2026-02-18 22:00:00,21.94,24.54,526.46,3.36,62.33
Jember,2026-02-18 23:00:00,20.12,22.89,517.16,3.29,60.36
Jember,2026-02-19 00:00:00,18.61,21.58,507.04,3.23,58.9
Jember,2026-02-19 01:00:00,17.37,20.5,494.37,3.12,57.89
Jember,2026-02-19 02:00:00,16.18,19.38,472.47,2.86,57.87
Jember,2026-02-19 03:00:00,15.45,18.9,455.8,2.7,57.21
Jember,2026-02-19 04:00:00,14.88,18.59,443.2,2.6,56.3
Jember,2026-02-19 05:00:00,14.3,18.05,428.61,2.45,55.7
Jember,2026-02-19 06:00:00,13.79,17.47,417.39,2.35,54.96
Jember,2026-02-19 07:00:00,13.41,16.99,408.27,2.45,54.5
Jember,2026-02-19 08:00:00,13.37,16.94,402.69,2.54,55.02
Jember,2026-02-19 09:00:00,14.19,17.87,400.3,2.34,59.3
Jember,2026-02-19 10:00:00,16.78,20.53,394.76,1.68,68.86
Jember,2026-02-19 11:00:00,22.76,26.56,386.43,0.94,82.23
Jember,2026-02-19 12:00:00,29.43,33.25,380.79,0.68,91.12
Jember,2026-02-19 13:00:00,35.06,38.85,376.8,0.58,96.77
Jember,2026-02-19 14:00:00,38.99,42.71,373.88,0.53,100.8
Jember,2026-02-19 15:00:00,41.07,44.72,371.1,0.53,102.84
Jember,2026-02-19 16:00:00,41.69,45.22,368.56,0.58,103.82
Jember,2026-02-19 17:00:00,40.69,43.98,366.28,0.71,102.91
Jember,2026-02-19 18:00:00,38.66,41.73,362.97,0.77,100.38
Jember,2026-02-19 19:00:00,36.24,39.06,359.67,0.71,97.96
Jember,2026-02-19 20:00:00,33.92,36.51,357.43,0.66,95.79
Jember,2026-02-19 21:00:00,32.31,34.74,358.35,0.65,94.2
Jember,2026-02-19 22:00:00,31.2,33.51,361.94,0.66,92.85
Jember,2026-02-19 23:00:00,30.17,32.34,363.59,0.65,91.36
Jember,2026-02-20 00:00:00,29.54,31.63,365.5,0.66,89.99
Jember,2026-02-20 01:00:00,28.87,30.96,366.59,0.66,89.0
Jember,2026-02-20 02:00:00,27.69,29.77,367.04,0.67,88.3
Jember,2026-02-20 03:00:00,26.41,28.47,366.63,0.67,87.77
Jember,2026-02-20 04:00:00,25.29,27.32,367.26,0.68,88.03
Jember,2026-02-20 05:00:00,24.52,26.28,371.7,0.74,88.59
Jember,2026-02-20 06:00:00,25.38,26.99,385.35,0.88,89.26
Jember,2026-02-20 07:00:00,26.52,28.19,403.39,1.09,90.18
Jember,2026-02-20 08:00:00,26.77,28.85,459.64,2.29,77.05
Jember,2026-02-20 09:00:00,27.54,30.03,477.79,2.73,75.57
Jember,2026-02-20 10:00:00,28.61,31.34,488.98,2.88,76.03
Jember,2026-02-20 11:00:00,32.61,35.69,503.16,2.28,83.96
Jember,2026-02-20 12:00:00,40.21,43.88,520.12,1.68,95.53
Jember,2026-02-20 13:00:00,49.29,53.49,536.01,1.23,106.73
Jember,2026-02-20 14:00:00,57.71,62.16,549.32,1.14,114.87
Jember,2026-02-20 15:00:00,61.08,65.45,554.26,1.26,116.35
Jember,2026-02-20 16:00:00,59.57,63.45,548.03,1.36,113.72
Jember,2026-02-20 17:00:00,51.01,53.38,517.25,1.31,106.2
Jember,2026-02-20 18:00:00,43.27,45.08,499.68,1.3,99.32
Jember,2026-02-20 19:00:00,36.88,38.49,491.04,1.4,93.79
Jember,2026-02-20 20:00:00,31.81,33.22,486.49,1.62,89.35
Jember,2026-02-20 21:00:00,28.96,30.28,486.16,1.81,87.44
Jember,2026-02-20 22:00:00,27.98,29.27,489.22,1.89,88.38
Jember,2026-02-20 23:00:00,27.97,29.2,496.72,1.86,91.65
Jember,2026-02-21 00:00:00,27.52,28.75,503.53,1.81,92.9
Jember,2026-02-21 01:00:00,25.91,27.2,497.81,1.77,89.54
Jember,2026-02-21 02:00:00,22.91,24.49,476.19,1.77,81.65
Jember,2026-02-21 03:00:00,20.68,22.65,449.02,1.84,72.06
Jember,2026-02-21 04:00:00,17.89,20.15,419.43,1.89,64.54
Jember,2026-02-21 05:00:00,15.19,17.92,394.27,1.84,60.79
Jember,2026-02-21 06:00:00,12.53,15.67,366.18,1.74,58.91
Jember,2026-02-21 07:00:00,10.57,13.99,343.71,1.78,57.37
Jember,2026-02-21 08:00:00,9.4,12.99,328.98,1.9,55.99
Jember,2026-02-21 09:00:00,8.84,12.32,313.52,1.86,55.61
Jember,2026-02-21 10:00:00,8.76,12.02,294.4,1.6,56.33
Jember,2026-02-21 11:00:00,8.96,11.52,273.86,1.23,57.7
Jember,2026-02-21 12:00:00,8.91,11.0,252.99,0.89,58.08
Jember,2026-02-21 13:00:00,8.57,10.38,235.38,0.67,57.0
Jember,2026-02-21 14:00:00,7.98,9.9,221.06,0.56,54.64
Jember,2026-02-21 15:00:00,7.5,9.72,212.48,0.52,52.26
Jember,2026-02-21 16:00:00,6.89,9.27,207.2,0.5,50.04
Jember,2026-02-21 17:00:00,5.92,8.18,201.38,0.48,47.98
Jember,2026-02-21 18:00:00,4.91,7.1,195.37,0.43,46.16
Jember,2026-02-21 19:00:00,4.17,6.33,192.55,0.37,45.17
Jember,2026-02-21 20:00:00,3.81,5.63,196.71,0.37,45.06
Jember,2026-02-21 21:00:00,3.84,5.4,205.59,0.41,45.54
Jember,2026-02-21 22:00:00,4.2,5.59,215.29,0.48,46.27
Jember,2026-02-21 23:00:00,4.63,5.97,221.97,0.54,46.76
Jember,2026-02-22 00:00:00,4.83,6.24,224.86,0.59,46.78
Jember,2026-02-22 01:00:00,4.76,6.24,224.19,0.62,46.38
Jember,2026-02-22 02:00:00,4.63,6.15,223.37,0.63,46.01
Jember,2026-02-22 03:00:00,4.89,6.59,227.92,0.68,45.89
Jember,2026-02-22 04:00:00,5.47,7.42,236.04,0.75,46.04
Jember,2026-02-22 05:00:00,5.92,7.91,242.92,0.76,46.34
Jember,2026-02-22 06:00:00,6.12,7.88,247.93,0.77,46.37
Jember,2026-02-22 07:00:00,6.07,7.54,253.29,0.79,46.29
Jember,2026-02-22 08:00:00,5.73,7.09,255.26,0.82,46.0
Jember,2026-02-22 09:00:00,4.98,6.31,246.56,0.76,45.42
Jember,2026-02-22 10:00:00,4.12,5.38,226.86,0.63,44.04
Jember,2026-02-22 11:00:00,3.2,4.38,201.63,0.48,41.98
Jember,2026-02-22 12:00:00,2.45,3.75,177.49,0.36,39.06
Jember,2026-02-22 13:00:00,1.88,3.33,156.11,0.25,35.9
Jember,2026-02-22 14:00:00,1.51,3.11,138.61,0.17,32.67
Jember,2026-02-22 15:00:00,1.3,2.93,126.18,0.12,29.82
Jember,2026-02-22 16:00:00,1.16,2.69,117.37,0.1,27.51
Jember,2026-02-22 17:00:00,1.0,2.29,110.41,0.09,25.77
Jember,2026-02-22 18:00:00,0.87,1.98,105.5,0.09,24.59
Jember,2026-02-22 19:00:00,0.76,1.74,102.01,0.08,23.79
Jember,2026-02-22 20:00:00,0.7,1.64,99.08,0.08,23.19
Jember,2026-02-22 21:00:00,0.69,1.69,96.59,0.08,22.75
Jember,2026-02-22 22:00:00,0.68,1.73,94.73,0.08,22.47
Jember,2026-02-22 23:00:00,0.69,1.83,94.29,0.07,22.36
Jember,2026-02-23 00:00:00,0.69,1.93,94.93,0.07,22.38
Jember,2026-02-23 01:00:00,0.71,2.03,96.41,0.07,22.48
Jember,2026-02-23 02:00:00,0.76,2.12,98.95,0.07,22.67
Jember,2026-02-23 03:00:00,0.85,2.44,102.24,0.07,22.92
Jember,2026-02-23 04:00:00,0.95,2.78,106.74,0.07,23.43
Jember,2026-02-23 05:00:00,0.98,2.84,111.11,0.07,24.12
Jember,2026-02-23 06:00:00,0.92,2.54,115.04,0.07,24.92
Jember,2026-02-23 07:00:00,0.84,2.19,118.16,0.07,25.65
Jember,2026-02-23 08:00:00,0.83,2.19,119.82,0.08,26.1
Jember,2026-02-23 09:00:00,0.9,2.51,122.7,0.09,26.53
Jember,2026-02-23 10:00:00,1.0,2.88,127.72,0.11,26.96
Jember,2026-02-23 11:00:00,1.07,2.83,136.56,0.15,27.85
Jember,2026-02-23 12:00:00,1.16,2.77,146.14,0.19,28.99
Jember,2026-02-23 13:00:00,1.39,3.0,155.21,0.22,30.71
Jember,2026-02-23 14:00:00,1.84,3.55,164.98,0.27,33.56
Jember,2026-02-23 15:00:00,2.53,4.36,176.4,0.34,37.41
Jember,2026-02-23 16:00:00,3.05,4.97,185.89,0.4,40.26
Jember,2026-02-23 17:00:00,3.09,5.05,189.33,0.41,40.62
Jember,2026-02-23 18:00:00,2.86,4.79,187.0,0.38,38.98
Jember,2026-02-23 19:00:00,2.6,4.47,181.22,0.34,36.41
Jember,2026-02-23 20:00:00,2.37,4.23,173.32,0.3,33.59
Jember,2026-02-23 21:00:00,2.18,4.18,164.05,0.26,31.06
Banyuwangi,2026-02-16 22:00:00,5.57,7.68,234.6,0.41,54.08
Banyuwangi,2026-02-16 23:00:00,6.03,7.97,248.6,0.46,54.87
Banyuwangi,2026-02-17 00:00:00,6.64,8.55,261.95,0.5,55.78
Banyuwangi,2026-02-17 01:00:00,7.47,9.49,275.66,0.53,57.07
Banyuwangi,2026-02-17 02:00:00,8.81,10.91,298.97,0.57,59.15
Banyuwangi,2026-02-17 03:00:00,10.83,12.88,338.55,0.71,61.85
Banyuwangi,2026-02-17 04:00:00,13.23,15.18,390.31,0.91,64.19
Banyuwangi,2026-02-17 05:00:00,15.48,17.31,445.23,1.2,65.0
Banyuwangi,2026-02-17 06:00:00,17.39,19.16,501.96,1.52,64.39
Banyuwangi,2026-02-17 07:00:00,18.76,20.51,553.62,1.9,62.58
Banyuwangi,2026-02-17 08:00:00,19.81,21.79,590.62,2.32,60.11
Banyuwangi,2026-02-17 09:00:00,20.1,22.34,605.84,2.62,57.47
Banyuwangi,2026-02-17 10:00:00,19.47,21.76,595.81,2.72,55.86
Banyuwangi,2026-02-17 11:00:00,17.72,19.9,558.26,2.49,57.44
Banyuwangi,2026-02-17 12:00:00,17.4,19.85,518.88,2.14,60.66
Banyuwangi,2026-02-17 13:00:00,17.91,20.65,483.53,1.74,63.75
Banyuwangi,2026-02-17 14:00:00,17.73,20.64,445.46,1.47,64.84
Banyuwangi,2026-02-17 15:00:00,16.35,19.14,410.23,1.4,62.91
Banyuwangi,2026-02-17 16:00:00,14.93,17.43,383.86,1.4,60.75
Banyuwangi,2026-02-17 17:00:00,13.55,15.48,363.62,1.41,59.1
Banyuwangi,2026-02-17 18:00:00,12.71,14.32,349.74,1.37,57.36
Banyuwangi,2026-02-17 19:00:00,12.26,13.62,341.77,1.25,56.53
Banyuwangi,2026-02-17 20:00:00,12.3,13.53,344.11,1.17,56.7
Banyuwangi,2026-02-17 21:00:00,13.25,14.48,364.93,1.26,58.05
Banyuwangi,2026-02-17 22:00:00,15.09,16.37,405.03,1.52,60.25
Banyuwangi,2026-02-17 23:00:00,17.74,19.2,461.95,1.99,62.2
Banyuwangi,2026-02-18 00:00:00,20.78,22.53,523.45,2.52,62.78
Banyuwangi,2026-02-18 01:00:00,23.53,25.64,577.63,3.05,62.01
Banyuwangi,2026-02-18 02:00:00,25.89,28.2,627.21,3.6,60.18
Banyuwangi,2026-02-18 03:00:00,27.59,29.84,666.92,4.18,57.26
Banyuwangi,2026-02-18 04:00:00,28.42,30.5,686.36,4.67,53.75
Banyuwangi,2026-02-18 05:00:00,27.78,29.52,681.38,5.0,50.22
Banyuwangi,2026-02-18 06:00:00,27.14,28.74,673.4,5.36,46.63
Banyuwangi,2026-02-18 07:00:00,26.25,27.87,650.42,5.8,43.7
Banyuwangi,2026-02-18 08:00:00,25.13,26.95,613.23,6.09,42.5
Banyuwangi,2026-02-18 09:00:00,24.21,26.24,578.82,6.01,43.94
Banyuwangi,2026-02-18 10:00:00,23.76,25.84,547.06,5.49,48.46
Banyuwangi,2026-02-18 11:00:00,24.43,26.68,523.8,4.54,56.87
Banyuwangi,2026-02-18 12:00:00,25.5,28.12,505.75,3.61,63.66
Banyuwangi,2026-02-18 13:00:00,25.18,27.89,476.96,2.68,66.95
Banyuwangi,2026-02-18 14:00:00,21.84,24.34,427.06,2.04,64.82
Banyuwangi,2026-02-18 15:00:00,18.53,21.12,388.38,1.69,61.16
Banyuwangi,2026-02-18 16:00:00,17.18,19.8,374.31,1.65,59.94
Banyuwangi,2026-02-18 17:00:00,17.61,19.76,386.15,1.93,61.0
Banyuwangi,2026-02-18 18:00:00,19.37,21.01,415.65,2.26,63.49
Banyuwangi,2026-02-18 19:00:00,22.17,23.52,456.5,2.58,66.82
Banyuwangi,2026-02-18 20:00:00,24.98,26.54,495.61,2.86,69.12
Banyuwangi,2026-02-18 21:00:00,26.68,28.83,522.21,3.06,68.83
Banyuwangi,2026-02-18 22:00:00,27.21,29.89,541.57,3.23,66.96
Banyuwangi,2026-02-18 23:00:00,26.63,29.75,552.2,3.37,64.02
Banyuwangi,2026-02-19 00:00:00,25.39,28.75,555.05,3.47,60.64
Banyuwangi,2026-02-19 01:00:00,23.89,27.3,552.99,3.51,57.52
Banyuwangi,2026-02-19 02:00:00,22.3,25.55,545.68,3.53,54.89
Banyuwangi,2026-02-19 03:00:00,20.91,24.25,533.11,3.53,52.59
Banyuwangi,2026-02-19 04:00:00,19.85,23.26,517.85,3.51,50.87
Banyuwangi,2026-02-19 05:00:00,18.09,21.21,488.55,3.31,50.69
Banyuwangi,2026-02-19 06:00:00,16.68,19.54,464.55,3.16,50.51
Banyuwangi,2026-02-19 07:00:00,16.51,19.32,452.92,3.29,50.03
Banyuwangi,2026-02-19 08:00:00,16.67,19.49,442.19,3.31,51.49
Banyuwangi,2026-02-19 09:00:00,17.04,19.88,429.71,3.0,56.4
Banyuwangi,2026-02-19 10:00:00,18.43,21.29,415.71,2.3,65.15
Banyuwangi,2026-02-19 11:00:00,22.76,25.77,405.01,1.46,77.02
Banyuwangi,2026-02-19 12:00:00,28.53,31.77,399.6,1.07,86.0
Banyuwangi,2026-02-19 13:00:00,33.84,37.23,396.76,0.88,92.21
Banyuwangi,2026-02-19 14:00:00,38.18,41.69,394.78,0.78,97.74
Banyuwangi,2026-02-19 15:00:00,41.06,44.67,392.74,0.77,101.94
Banyuwangi,2026-02-19 16:00:00,42.43,46.12,389.53,0.81,104.18
Banyuwangi,2026-02-19 17:00:00,42.65,46.4,387.05,0.91,104.72
Banyuwangi,2026-02-19 18:00:00,42.41,46.13,384.27,0.92,103.91
Banyuwangi,2026-02-19 19:00:00,42.19,45.8,382.42,0.79,103.19
Banyuwangi,2026-02-19 20:00:00,41.63,45.07,380.67,0.7,101.73
Banyuwangi,2026-02-19 21:00:00,40.97,44.35,379.5,0.67,100.34
Banyuwangi,2026-02-19 22:00:00,40.26,43.58,379.38,0.66,99.29
Banyuwangi,2026-02-19 23:00:00,38.6,41.76,375.4,0.63,97.49
Banyuwangi,2026-02-20 00:00:00,37.05,40.06,370.7,0.61,96.0
Banyuwangi,2026-02-20 01:00:00,35.84,38.73,367.3,0.59,94.84
Banyuwangi,2026-02-20 02:00:00,34.31,37.08,363.74,0.57,93.63
Banyuwangi,2026-02-20 03:00:00,32.49,35.17,359.56,0.54,92.23
Banyuwangi,2026-02-20 04:00:00,30.55,33.15,355.5,0.51,90.79
Banyuwangi,2026-02-20 05:00:00,28.02,30.27,350.88,0.49,89.06
Banyuwangi,2026-02-20 06:00:00,24.99,26.82,348.03,0.51,87.0
Banyuwangi,2026-02-20 07:00:00,22.54,24.1,348.08,0.6,85.43
Banyuwangi,2026-02-20 08:00:00,22.65,24.6,367.6,0.93,85.17
Banyuwangi,2026-02-20 09:00:00,23.79,26.26,384.54,1.2,84.78
Banyuwangi,2026-02-20 10:00:00,24.82,27.52,396.29,1.29,85.37
Banyuwangi,2026-02-20 11:00:00,26.93,29.67,409.06,1.05,89.08
Banyuwangi,2026-02-20 12:00:00,30.45,33.49,421.01,0.85,93.74
Banyuwangi,2026-02-20 13:00:00,34.94,38.32,432.37,0.71,98.91
Banyuwangi,2026-02-20 14:00:00,40.06,43.66,447.11,0.74,103.69
Banyuwangi,2026-02-20 15:00:00,44.9,48.61,463.27,0.8,107.22
Banyuwangi,2026-02-20 16:00:00,48.11,51.85,474.76,0.87,108.81
Banyuwangi,2026-02-20 17:00:00,46.55,49.62,474.6,0.91,106.83
Banyuwangi,2026-02-20 18:00:00,43.3,45.84,471.42,0.92,102.31
Banyuwangi,2026-02-20 19:00:00,39.82,42.12,471.72,0.93,97.41
Banyuwangi,2026-02-20 20:00:00,36.11,38.21,474.56,1.0,92.72
Banyuwangi,2026-02-20 21:00:00,33.09,35.1,479.71,1.06,89.5
Banyuwangi,2026-02-20 22:00:00,30.76,32.83,481.95,1.12,87.75
Banyuwangi,2026-02-20 23:00:00,28.93,30.98,479.88,1.16,88.02
Banyuwangi,2026-02-21 00:00:00,27.61,29.57,481.46,1.19,91.19
Banyuwangi,2026-02-21 01:00:00,25.98,27.91,481.17,1.2,94.09
Banyuwangi,2026-02-21 02:00:00,23.18,25.35,473.93,1.19,93.52
Banyuwangi,2026-02-21 03:00:00,21.09,23.74,459.53,1.22,88.39
Banyuwangi,2026-02-21 04:00:00,18.91,21.95,435.34,1.28,79.54
Banyuwangi,2026-02-21 05:00:00,15.38,18.99,395.26,1.28,69.93
Banyuwangi,2026-02-21 06:00:00,12.2,16.36,353.04,1.25,62.07
Banyuwangi,2026-02-21 07:00:00,10.15,14.71,323.82,1.28,57.24
Banyuwangi,2026-02-21 08:00:00,9.15,14.21,307.2,1.4,54.45
Banyuwangi,2026-02-21 09:00:00,8.59,13.66,294.32,1.44,53.09
Banyuwangi,2026-02-21 10:00:00,7.88,12.56,274.46,1.28,52.51
Banyuwangi,2026-02-21 11:00:00,7.32,10.84,254.64,1.07,52.42
Banyuwangi,2026-02-21 12:00:00,6.64,9.46,232.82,0.83,51.22
Banyuwangi,2026-02-21 13:00:00,5.88,8.41,211.23,0.6,48.86
Banyuwangi,2026-02-21 14:00:00,4.95,7.62,189.41,0.41,45.38
Banyuwangi,2026-02-21 15:00:00,4.36,7.22,174.85,0.31,42.11
Banyuwangi,2026-02-21 16:00:00,4.05,7.0,166.59,0.27,39.79
Banyuwangi,2026-02-21 17:00:00,3.74,6.6,162.05,0.26,38.48
Banyuwangi,2026-02-21 18:00:00,3.5,6.23,161.28,0.25,37.98
Banyuwangi,2026-02-21 19:00:00,3.33,5.95,163.42,0.25,38.16
Banyuwangi,2026-02-21 20:00:00,3.15,5.3,166.77,0.24,38.56
Banyuwangi,2026-02-21 21:00:00,2.95,4.8,169.95,0.24,38.71
Banyuwangi,2026-02-21 22:00:00,2.8,4.46,174.08,0.25,38.76
Banyuwangi,2026-02-21 23:00:00,2.89,4.63,178.55,0.28,38.76
Banyuwangi,2026-02-22 00:00:00,3.16,5.2,183.0,0.3,39.1
Banyuwangi,2026-02-22 01:00:00,3.38,5.72,185.51,0.32,39.36
Banyuwangi,2026-02-22 02:00:00,3.46,5.91,186.7,0.33,39.55
Banyuwangi,2026-02-22 03:00:00,3.6,6.24,189.15,0.36,39.61
Banyuwangi,2026-02-22 04:00:00,3.9,6.84,193.81,0.41,39.88
Banyuwangi,2026-02-22 05:00:00,4.14,7.06,199.47,0.45,40.35
Banyuwangi,2026-02-22 06:00:00,4.22,6.78,204.02,0.47,40.73
Banyuwangi,2026-02-22 07:00:00,4.19,6.32,207.52,0.5,41.14
Banyuwangi,2026-02-22 08:00:00,3.8,5.52,206.86,0.5,41.5
Banyuwangi,2026-02-22 09:00:00,3.31,4.89,201.2,0.46,41.17
Banyuwangi,2026-02-22 10:00:00,2.98,4.47,191.23,0.4,39.78
Banyuwangi,2026-02-22 11:00:00,2.75,4.21,177.68,0.31,38.0
Banyuwangi,2026-02-22 12:00:00,2.43,3.95,162.72,0.24,35.59
Banyuwangi,2026-02-22 13:00:00,2.0,3.58,146.78,0.19,32.93
Banyuwangi,2026-02-22 14:00:00,1.62,3.38,131.78,0.14,30.35
Banyuwangi,2026-02-22 15:00:00,1.39,3.33,119.33,0.12,28.19
Banyuwangi,2026-02-22 16:00:00,1.25,3.26,109.51,0.1,26.53
Banyuwangi,2026-02-22 17:00:00,1.14,2.99,101.95,0.09,25.34
Banyuwangi,2026-02-22 18:00:00,1.0,2.59,97.24,0.09,24.64
Banyuwangi,2026-02-22 19:00:00,0.88,2.22,94.44,0.09,24.19
Banyuwangi,2026-02-22 20:00:00,0.81,2.04,92.54,0.09,23.83
Banyuwangi,2026-02-22 21:00:00,0.83,2.18,90.18,0.09,23.42
Banyuwangi,2026-02-22 22:00:00,0.87,2.33,87.91,0.08,22.99
Banyuwangi,2026-02-22 23:00:00,0.9,2.48,86.19,0.08,22.62
Banyuwangi,2026-02-23 00:00:00,0.95,2.76,85.07,0.08,22.41
Banyuwangi,2026-02-23 01:00:00,1.01,3.08,84.47,0.07,22.38
Banyuwangi,2026-02-23 02:00:00,1.0,2.96,84.63,0.07,22.5
Banyuwangi,2026-02-23 03:00:00,0.96,2.74,85.14,0.07,22.52
Banyuwangi,2026-02-23 04:00:00,0.96,2.66,86.17,0.07,22.45
Banyuwangi,2026-02-23 05:00:00,0.97,2.62,87.41,0.07,22.43
Banyuwangi,2026-02-23 06:00:00,0.96,2.53,89.4,0.07,22.68
Banyuwangi,2026-02-23 07:00:00,0.93,2.37,91.51,0.07,23.13
Banyuwangi,2026-02-23 08:00:00,0.94,2.38,92.97,0.07,23.69
Banyuwangi,2026-02-23 09:00:00,1.04,2.74,94.16,0.07,24.27
Banyuwangi,2026-02-23 10:00:00,1.17,3.25,96.28,0.06,24.71
Banyuwangi,2026-02-23 11:00:00,1.28,3.61,101.45,0.06,25.0
Banyuwangi,2026-02-23 12:00:00,1.34,3.8,109.71,0.07,25.24
Banyuwangi,2026-02-23 13:00:00,1.41,3.99,119.41,0.08,25.68
Banyuwangi,2026-02-23 14:00:00,1.48,4.22,129.25,0.1,26.37
Banyuwangi,2026-02-23 15:00:00,1.6,4.38,138.61,0.12,27.72
Banyuwangi,2026-02-23 16:00:00,1.8,4.54,147.32,0.15,29.86
Banyuwangi,2026-02-23 17:00:00,1.97,4.49,155.82,0.19,32.2
Banyuwangi,2026-02-23 18:00:00,2.08,4.38,162.84,0.21,33.93
Banyuwangi,2026-02-23 19:00:00,2.11,4.21,166.12,0.2,34.29
Banyuwangi,2026-02-23 20:00:00,2.07,4.12,163.39,0.19,33.09
Banyuwangi,2026-02-23 21:00:00,2.05,4.22,156.23,0.17,30.92
Gresik,2026-02-16 22:00:00,34.24,38.05,792.05,9.0,57.0
Gresik,2026-02-16 23:00:00,29.67,33.26,757.7,8.86,51.47
Gresik,2026-02-17 00:00:00,25.9,29.26,732.28,8.76,47.32
Gresik,2026-02-17 01:00:00,23.34,26.4,702.67,8.54,44.01
Gresik,2026-02-17 02:00:00,22.46,25.33,690.07,8.38,41.56
Gresik,2026-02-17 03:00:00,23.53,26.38,700.83,8.53,39.2
Gresik,2026-02-17 04:00:00,24.72,27.59,711.59,8.71,37.14
Gresik,2026-02-17 05:00:00,25.73,28.74,716.72,8.99,35.01
Gresik,2026-02-17 06:00:00,26.66,29.99,721.83,9.39,33.09
Gresik,2026-02-17 07:00:00,27.79,31.92,738.2,10.17,31.59
Gresik,2026-02-17 08:00:00,29.42,34.74,776.73,11.44,31.22
Gresik,2026-02-17 09:00:00,31.99,38.54,829.46,12.58,33.58
Gresik,2026-02-17 10:00:00,35.87,43.39,877.03,12.62,42.53
Gresik,2026-02-17 11:00:00,38.53,46.22,902.24,12.83,53.57
Gresik,2026-02-17 12:00:00,35.7,43.24,879.47,12.75,53.7
Gresik,2026-02-17 13:00:00,33.14,40.52,867.18,12.76,51.43
Gresik,2026-02-17 14:00:00,31.83,38.8,861.96,12.86,50.1
Gresik,2026-02-17 15:00:00,31.53,38.18,870.79,13.28,47.47
Gresik,2026-02-17 16:00:00,30.78,36.62,864.25,13.51,44.46
Gresik,2026-02-17 17:00:00,27.12,30.75,755.72,12.37,43.07
Gresik,2026-02-17 18:00:00,26.59,30.16,774.19,14.34,37.68
Gresik,2026-02-17 19:00:00,26.38,30.12,786.37,15.61,33.23
Gresik,2026-02-17 20:00:00,27.17,31.7,789.53,16.16,32.19
Gresik,2026-02-17 21:00:00,28.82,34.73,801.89,16.26,32.51
Gresik,2026-02-17 22:00:00,29.47,36.43,797.42,15.51,33.55
Gresik,2026-02-17 23:00:00,29.05,36.32,770.84,14.26,34.72
Gresik,2026-02-18 00:00:00,28.28,35.04,734.81,12.88,35.61
Gresik,2026-02-18 01:00:00,28.05,34.08,703.01,11.65,36.01
Gresik,2026-02-18 02:00:00,26.51,31.03,642.77,9.85,37.63
Gresik,2026-02-18 03:00:00,26.28,29.89,611.59,8.89,37.73
Gresik,2026-02-18 04:00:00,27.11,30.39,607.76,8.63,37.04
Gresik,2026-02-18 05:00:00,28.44,31.6,604.61,8.59,35.93
Gresik,2026-02-18 06:00:00,30.05,33.23,602.83,8.72,35.2
Gresik,2026-02-18 07:00:00,30.59,34.2,608.79,9.18,36.04
Gresik,2026-02-18 08:00:00,29.21,33.39,617.86,9.74,39.16
Gresik,2026-02-18 09:00:00,26.73,31.3,616.64,10.11,42.38
Gresik,2026-02-18 10:00:00,23.62,28.29,597.26,9.84,45.58
Gresik,2026-02-18 11:00:00,18.9,22.43,548.02,8.88,49.07
Gresik,2026-02-18 12:00:00,17.69,20.65,545.19,8.79,50.25
Gresik,2026-02-18 13:00:00,17.85,20.59,559.51,9.2,50.26
Gresik,2026-02-18 14:00:00,17.46,20.13,564.85,9.65,49.39
Gresik,2026-02-18 15:00:00,16.86,19.62,573.81,10.16,48.84
Gresik,2026-02-18 16:00:00,16.15,19.04,583.84,10.76,48.32
Gresik,2026-02-18 17:00:00,15.82,18.97,596.73,11.46,48.64
Gresik,2026-02-18 18:00:00,15.15,18.59,608.57,12.72,45.28
Gresik,2026-02-18 19:00:00,14.09,17.65,593.7,12.45,42.3
Gresik,2026-02-18 20:00:00,12.44,15.98,530.85,10.74,42.98
Gresik,2026-02-18 21:00:00,12.27,16.63,521.92,10.13,41.98
Gresik,2026-02-18 22:00:00,12.27,17.42,514.05,9.54,41.01
Gresik,2026-02-18 23:00:00,12.86,18.75,523.18,9.36,39.09
Gresik,2026-02-19 00:00:00,13.94,20.29,544.04,9.51,36.59
Gresik,2026-02-19 01:00:00,14.81,21.27,552.58,9.34,34.84
Gresik,2026-02-19 02:00:00,15.82,22.37,556.05,9.13,33.29
Gresik,2026-02-19 03:00:00,17.22,23.99,564.3,9.04,31.57
Gresik,2026-02-19 04:00:00,18.58,25.52,567.63,8.88,30.03
Gresik,2026-02-19 05:00:00,19.71,26.72,568.06,8.67,28.83
Gresik,2026-02-19 06:00:00,20.52,27.46,555.03,8.42,28.25
Gresik,2026-02-19 07:00:00,21.76,29.02,543.77,8.38,28.9
Gresik,2026-02-19 08:00:00,24.84,33.72,593.16,8.91,33.28
Gresik,2026-02-19 09:00:00,31.11,42.98,711.32,10.45,45.81
Gresik,2026-02-19 10:00:00,42.02,56.59,806.63,10.91,72.1
Gresik,2026-02-19 11:00:00,45.27,59.9,807.88,10.93,88.29
Gresik,2026-02-19 12:00:00,46.69,60.9,802.8,11.19,90.59
Gresik,2026-02-19 13:00:00,46.68,60.31,802.97,11.6,90.49
Gresik,2026-02-19 14:00:00,46.01,59.09,806.82,11.92,88.99
Gresik,2026-02-19 15:00:00,45.59,58.18,820.65,12.21,86.54
Gresik,2026-02-19 16:00:00,42.54,53.64,784.48,11.45,82.97
Gresik,2026-02-19 17:00:00,27.61,32.45,480.85,5.78,75.97
Gresik,2026-02-19 18:00:00,25.33,29.52,462.76,5.71,71.39
Gresik,2026-02-19 19:00:00,24.93,29.14,476.88,6.05,67.18
Gresik,2026-02-19 20:00:00,25.61,30.55,528.6,7.39,61.07
Gresik,2026-02-19 21:00:00,27.2,33.43,605.72,9.18,54.74
Gresik,2026-02-19 22:00:00,28.16,35.46,662.96,10.31,49.74
Gresik,2026-02-19 23:00:00,29.42,37.81,722.14,11.36,45.1
Gresik,2026-02-20 00:00:00,31.72,41.05,790.61,12.49,40.81
Gresik,2026-02-20 01:00:00,34.39,44.32,848.19,13.23,37.16
Gresik,2026-02-20 02:00:00,36.81,47.04,888.28,13.58,34.53
Gresik,2026-02-20 03:00:00,39.25,49.28,912.97,13.77,32.17
Gresik,2026-02-20 04:00:00,41.07,50.35,917.59,13.78,29.61
Gresik,2026-02-20 05:00:00,40.07,48.21,893.32,13.56,27.12
Gresik,2026-02-20 06:00:00,38.32,45.51,856.75,13.31,25.17
Gresik,2026-02-20 07:00:00,36.67,43.75,822.32,12.86,24.86
Gresik,2026-02-20 08:00:00,39.47,48.2,854.61,14.23,22.59
Gresik,2026-02-20 09:00:00,38.89,47.41,842.41,14.28,31.83
Gresik,2026-02-20 10:00:00,40.77,48.58,795.15,13.14,49.4
Gresik,2026-02-20 11:00:00,37.38,43.92,679.9,11.79,58.74
Gresik,2026-02-20 12:00:00,34.23,40.92,661.06,12.05,56.35
Gresik,2026-02-20 13:00:00,33.33,40.27,674.29,12.48,57.27
Gresik,2026-02-20 14:00:00,31.5,37.84,687.91,13.41,54.31
Gresik,2026-02-20 15:00:00,28.03,33.54,691.19,14.26,45.96
Gresik,2026-02-20 16:00:00,24.3,28.99,671.3,14.57,38.83
Gresik,2026-02-20 17:00:00,21.93,26.69,689.6,15.05,30.68
Gresik,2026-02-20 18:00:00,24.24,31.14,845.85,15.82,24.8
Gresik,2026-02-20 19:00:00,27.61,37.15,977.17,15.88,21.83
Gresik,2026-02-20 20:00:00,31.14,43.85,1061.91,15.87,20.24
Gresik,2026-02-20 21:00:00,34.49,49.5,1103.01,15.13,20.3
Gresik,2026-02-20 22:00:00,37.92,54.32,1126.94,14.14,21.71
Gresik,2026-02-20 23:00:00,40.04,55.03,1114.62,12.03,26.35
Gresik,2026-02-21 00:00:00,40.18,52.78,1092.14,11.08,28.59
Gresik,2026-02-21 01:00:00,39.04,49.49,1040.33,10.46,29.69
Gresik,2026-02-21 02:00:00,36.49,45.65,966.21,10.09,30.38
Gresik,2026-02-21 03:00:00,33.83,42.07,889.34,9.92,30.78
Gresik,2026-02-21 04:00:00,31.75,39.23,824.59,9.83,30.58
Gresik,2026-02-21 05:00:00,30.58,37.67,780.6,9.88,29.63
Gresik,2026-02-21 06:00:00,30.42,37.55,758.31,10.11,27.79
Gresik,2026-02-21 07:00:00,30.77,38.61,757.44,10.5,26.65
Gresik,2026-02-21 08:00:00,26.25,32.39,669.2,11.61,30.56
Gresik,2026-02-21 09:00:00,28.15,34.55,666.77,10.64,41.2
Gresik,2026-02-21 10:00:00,33.22,39.68,644.46,8.63,60.47
Gresik,2026-02-21 11:00:00,31.21,35.73,512.43,5.72,71.78
Gresik,2026-02-21 12:00:00,29.99,33.79,470.75,4.81,74.75
Gresik,2026-02-21 13:00:00,29.29,32.8,463.62,4.66,76.03
Gresik,2026-02-21 14:00:00,26.62,30.24,493.93,5.81,68.06
Gresik,2026-02-21 15:00:00,23.86,27.99,549.15,7.17,56.82
Gresik,2026-02-21 16:00:00,22.77,27.45,601.77,8.3,50.28
Gresik,2026-02-21 17:00:00,22.61,27.62,646.36,9.32,46.78
Gresik,2026-02-21 18:00:00,23.68,29.16,693.53,10.2,44.12
Gresik,2026-02-21 19:00:00,24.72,30.62,712.98,10.75,41.46
Gresik,2026-02-21 20:00:00,26.03,33.09,738.03,11.63,37.03
Gresik,2026-02-21 21:00:00,27.55,35.99,765.66,12.09,33.01
Gresik,2026-02-21 22:00:00,28.49,37.68,775.64,11.89,30.41
Gresik,2026-02-21 23:00:00,30.43,40.27,813.24,11.61,27.55
Gresik,2026-02-22 00:00:00,32.74,42.47,859.59,11.11,25.37
Gresik,2026-02-22 01:00:00,34.29,43.51,877.81,10.53,24.41
Gresik,2026-02-22 02:00:00,34.7,43.2,871.5,10.0,24.53
Gresik,2026-02-22 03:00:00,34.23,41.66,847.18,9.53,25.36
Gresik,2026-02-22 04:00:00,33.34,39.72,818.2,9.19,26.42
Gresik,2026-02-22 05:00:00,31.51,36.7,774.69,8.04,30.18
Gresik,2026-02-22 06:00:00,30.7,35.6,758.94,7.48,31.15
Gresik,2026-02-22 07:00:00,31.0,36.79,784.09,7.47,31.26
Gresik,2026-02-22 08:00:00,28.08,34.1,777.12,8.13,32.89
Gresik,2026-02-22 09:00:00,26.56,32.84,782.62,8.98,35.37
Gresik,2026-02-22 10:00:00,26.4,32.52,764.72,9.73,41.18
Gresik,2026-02-22 11:00:00,25.12,29.92,679.73,9.07,50.53
Gresik,2026-02-22 12:00:00,27.3,31.79,663.3,8.43,56.2
Gresik,2026-02-22 13:00:00,29.1,33.31,646.63,7.79,58.38
Gresik,2026-02-22 14:00:00,29.82,33.82,626.82,7.04,57.84
Gresik,2026-02-22 15:00:00,29.89,33.85,611.93,6.66,54.57
Gresik,2026-02-22 16:00:00,28.77,32.75,597.93,6.5,48.62
Gresik,2026-02-22 17:00:00,26.8,30.77,590.62,6.73,40.99
Gresik,2026-02-22 18:00:00,25.02,29.24,592.67,7.18,33.77
Gresik,2026-02-22 19:00:00,23.97,28.72,592.16,7.12,28.72
Gresik,2026-02-22 20:00:00,22.87,28.06,577.93,6.64,25.46
Gresik,2026-02-22 21:00:00,21.29,26.44,548.8,5.91,23.4
Gresik,2026-02-22 22:00:00,19.33,24.12,508.5,5.17,22.31
Gresik,2026-02-22 23:00:00,17.3,21.41,466.79,4.57,21.77
Gresik,2026-02-23 00:00:00,15.83,19.1,436.94,4.12,21.21
Gresik,2026-02-23 01:00:00,14.59,17.36,411.99,3.72,20.98
Gresik,2026-02-23 02:00:00,14.98,17.84,416.41,3.65,20.17
Gresik,2026-02-23 03:00:00,16.72,20.01,444.47,3.73,19.32
Gresik,2026-02-23 04:00:00,18.7,22.43,474.96,3.72,19.12
Gresik,2026-02-23 05:00:00,20.32,24.43,502.7,3.76,19.22
Gresik,2026-02-23 06:00:00,21.76,26.27,534.91,4.04,19.12
Gresik,2026-02-23 07:00:00,23.83,29.54,600.29,4.74,19.05
Gresik,2026-02-23 08:00:00,23.42,30.02,649.01,6.05,20.08
Gresik,2026-02-23 09:00:00,24.58,32.54,716.15,7.38,22.36
Gresik,2026-02-23 10:00:00,26.52,35.33,763.29,8.72,28.48
Gresik,2026-02-23 11:00:00,19.19,25.11,569.07,6.79,40.54
Gresik,2026-02-23 12:00:00,19.97,24.63,519.13,5.53,52.57
Gresik,2026-02-23 13:00:00,22.59,26.36,507.66,4.66,61.96
Gresik,2026-02-23 14:00:00,24.45,27.84,521.74,4.86,65.58
Gresik,2026-02-23 15:00:00,25.26,28.85,562.54,5.96,62.73
Gresik,2026-02-23 16:00:00,24.7,28.49,596.38,7.1,57.05
Gresik,2026-02-23 17:00:00,22.69,26.78,615.81,8.18,48.62
Gresik,2026-02-23 18:00:00,22.98,27.81,660.52,9.39,42.2
Gresik,2026-02-23 19:00:00,24.5,30.39,696.27,9.78,39.04
Gresik,2026-02-23 20:00:00,26.47,33.98,718.4,9.53,37.58
Gresik,2026-02-23 21:00:00,28.47,37.54,732.65,9.01,36.65
Sidoarjo,2026-02-16 22:00:00,28.87,32.43,690.55,7.02,63.12
Sidoarjo,2026-02-16 23:00:00,26.75,30.26,680.54,7.26,57.19
Sidoarjo,2026-02-17 00:00:00,25.19,28.63,680.76,7.68,51.76
Sidoarjo,2026-02-17 01:00:00,23.18,26.39,666.23,7.84,47.01
Sidoarjo,2026-02-17 02:00:00,21.27,24.23,647.33,7.81,43.33
Sidoarjo,2026-02-17 03:00:00,20.4,23.28,635.97,7.84,40.18
Sidoarjo,2026-02-17 04:00:00,20.63,23.5,633.03,7.94,37.75
Sidoarjo,2026-02-17 05:00:00,21.54,24.49,636.69,8.26,35.31
Sidoarjo,2026-02-17 06:00:00,22.9,26.13,649.77,8.82,32.98
Sidoarjo,2026-02-17 07:00:00,24.73,28.7,677.62,9.76,30.99
Sidoarjo,2026-02-17 08:00:00,27.07,32.14,727.19,11.12,30.21
Sidoarjo,2026-02-17 09:00:00,29.69,35.82,779.69,12.19,32.1
Sidoarjo,2026-02-17 10:00:00,32.93,39.83,820.44,12.08,39.98
Sidoarjo,2026-02-17 11:00:00,34.6,41.57,832.9,11.92,50.59
Sidoarjo,2026-02-17 12:00:00,31.49,38.33,796.97,11.45,52.27
Sidoarjo,2026-02-17 13:00:00,28.67,35.36,770.51,11.17,51.48
Sidoarjo,2026-02-17 14:00:00,27.09,33.37,749.66,11.0,51.56
Sidoarjo,2026-02-17 15:00:00,26.72,32.69,746.58,11.14,50.19
Sidoarjo,2026-02-17 16:00:00,26.77,31.91,736.49,11.01,49.19
Sidoarjo,2026-02-17 17:00:00,24.48,27.41,637.84,9.55,49.61
Sidoarjo,2026-02-17 18:00:00,25.31,28.19,677.19,11.4,44.92
Sidoarjo,2026-02-17 19:00:00,26.52,29.6,729.21,13.04,40.08
Sidoarjo,2026-02-17 20:00:00,28.04,32.15,790.52,14.74,35.18
Sidoarjo,2026-02-17 21:00:00,29.79,35.6,848.13,16.21,31.06
Sidoarjo,2026-02-17 22:00:00,30.65,37.9,872.8,16.61,28.92
Sidoarjo,2026-02-17 23:00:00,29.96,37.53,846.35,15.68,29.64
Sidoarjo,2026-02-18 00:00:00,28.94,35.96,793.96,13.91,32.17
Sidoarjo,2026-02-18 01:00:00,28.84,35.13,744.36,12.07,35.52
Sidoarjo,2026-02-18 02:00:00,27.16,31.89,657.48,9.47,40.97
Sidoarjo,2026-02-18 03:00:00,26.0,29.71,599.28,7.86,43.46
Sidoarjo,2026-02-18 04:00:00,26.01,29.29,579.68,7.4,42.11
Sidoarjo,2026-02-18 05:00:00,26.43,29.39,569.81,7.34,39.76
Sidoarjo,2026-02-18 06:00:00,27.28,30.03,564.41,7.47,38.48
Sidoarjo,2026-02-18 07:00:00,27.88,30.74,568.15,7.89,39.16
Sidoarjo,2026-02-18 08:00:00,27.33,30.5,574.91,8.42,41.98
Sidoarjo,2026-02-18 09:00:00,25.79,29.23,572.38,8.77,45.07
Sidoarjo,2026-02-18 10:00:00,23.5,27.0,555.88,8.55,48.11
Sidoarjo,2026-02-18 11:00:00,20.84,23.65,532.62,7.68,52.47
Sidoarjo,2026-02-18 12:00:00,21.79,24.32,553.81,7.81,54.62
Sidoarjo,2026-02-18 13:00:00,23.89,26.38,586.92,8.3,55.66
Sidoarjo,2026-02-18 14:00:00,24.42,26.84,605.4,8.86,55.27
Sidoarjo,2026-02-18 15:00:00,22.91,25.35,617.25,9.55,53.37
Sidoarjo,2026-02-18 16:00:00,20.8,23.34,624.57,10.19,51.93
Sidoarjo,2026-02-18 17:00:00,19.53,22.33,632.26,10.75,52.33
Sidoarjo,2026-02-18 18:00:00,18.39,21.42,637.88,11.63,50.23
Sidoarjo,2026-02-18 19:00:00,16.96,19.98,616.47,11.07,48.72
Sidoarjo,2026-02-18 20:00:00,14.82,17.6,545.34,9.16,50.46
Sidoarjo,2026-02-18 21:00:00,14.05,17.42,529.02,8.52,49.87
Sidoarjo,2026-02-18 22:00:00,13.33,17.33,514.8,7.95,48.91
Sidoarjo,2026-02-18 23:00:00,13.11,17.78,516.18,7.8,46.84
Sidoarjo,2026-02-19 00:00:00,13.48,18.69,531.76,8.01,43.96
Sidoarjo,2026-02-19 01:00:00,13.79,19.23,536.46,7.94,41.65
Sidoarjo,2026-02-19 02:00:00,14.44,20.07,538.19,7.86,39.54
Sidoarjo,2026-02-19 03:00:00,15.62,21.57,547.48,7.91,37.19
Sidoarjo,2026-02-19 04:00:00,16.87,23.07,552.57,7.89,34.98
Sidoarjo,2026-02-19 05:00:00,17.92,24.21,553.71,7.78,33.22
Sidoarjo,2026-02-19 06:00:00,18.54,24.71,538.96,7.58,32.35
Sidoarjo,2026-02-19 07:00:00,19.33,25.55,519.29,7.53,32.95
Sidoarjo,2026-02-19 08:00:00,21.43,28.86,553.33,8.06,36.69
Sidoarjo,2026-02-19 09:00:00,26.09,36.21,657.03,9.6,46.26
Sidoarjo,2026-02-19 10:00:00,33.7,46.23,740.85,10.25,66.59
Sidoarjo,2026-02-19 11:00:00,41.58,55.32,788.86,10.64,85.95
Sidoarjo,2026-02-19 12:00:00,45.84,59.52,803.65,10.93,92.14
Sidoarjo,2026-02-19 13:00:00,46.8,59.9,805.86,11.29,93.46
Sidoarjo,2026-02-19 14:00:00,46.93,59.49,811.22,11.58,93.13
Sidoarjo,2026-02-19 15:00:00,47.61,59.73,828.82,11.83,92.28
Sidoarjo,2026-02-19 16:00:00,46.05,56.77,798.22,11.04,90.84
Sidoarjo,2026-02-19 17:00:00,32.53,37.1,501.24,5.35,85.7
Sidoarjo,2026-02-19 18:00:00,30.69,34.63,484.23,5.18,81.74
Sidoarjo,2026-02-19 19:00:00,30.51,34.47,499.03,5.44,77.69
Sidoarjo,2026-02-19 20:00:00,31.25,35.95,549.94,6.73,71.23
Sidoarjo,2026-02-19 21:00:00,33.02,39.03,624.43,8.49,64.46
Sidoarjo,2026-02-19 22:00:00,34.47,41.59,676.95,9.58,59.71
Sidoarjo,2026-02-19 23:00:00,36.13,44.38,728.99,10.59,55.68
Sidoarjo,2026-02-20 00:00:00,38.63,47.9,794.56,11.78,51.86
Sidoarjo,2026-02-20 01:00:00,41.0,50.95,849.28,12.62,48.3
Sidoarjo,2026-02-20 02:00:00,42.36,52.64,882.99,13.0,45.46
Sidoarjo,2026-02-20 03:00:00,42.85,52.99,899.54,13.16,42.77
Sidoarjo,2026-02-20 04:00:00,43.1,52.61,904.15,13.2,39.96
Sidoarjo,2026-02-20 05:00:00,41.66,49.99,891.79,13.14,37.11
Sidoarjo,2026-02-20 06:00:00,40.27,47.53,869.14,13.04,34.83
Sidoarjo,2026-02-20 07:00:00,39.83,46.86,849.65,12.69,34.69
Sidoarjo,2026-02-20 08:00:00,35.54,40.96,718.93,8.7,47.08
Sidoarjo,2026-02-20 09:00:00,37.15,42.86,722.69,8.66,55.05
Sidoarjo,2026-02-20 10:00:00,41.76,47.4,709.39,7.79,72.56
Sidoarjo,2026-02-20 11:00:00,45.68,51.46,687.19,7.15,85.74
Sidoarjo,2026-02-20 12:00:00,47.24,53.72,697.3,7.72,87.49
Sidoarjo,2026-02-20 13:00:00,49.35,56.28,719.51,8.39,90.56
Sidoarjo,2026-02-20 14:00:00,48.26,54.44,728.57,9.55,87.5
Sidoarjo,2026-02-20 15:00:00,42.68,47.66,709.89,10.33,77.22
Sidoarjo,2026-02-20 16:00:00,36.74,40.57,664.48,10.33,69.19
Sidoarjo,2026-02-20 17:00:00,30.09,32.56,577.36,9.25,63.65
Sidoarjo,2026-02-20 18:00:00,28.06,30.45,576.4,9.69,60.13
Sidoarjo,2026-02-20 19:00:00,27.57,30.07,586.34,9.95,58.25
Sidoarjo,2026-02-20 20:00:00,27.34,30.03,590.24,9.87,57.09
Sidoarjo,2026-02-20 21:00:00,28.13,30.94,594.91,9.46,57.58
Sidoarjo,2026-02-20 22:00:00,28.32,31.16,595.24,8.87,58.0
Sidoarjo,2026-02-20 23:00:00,27.2,29.14,562.11,7.11,59.27
Sidoarjo,2026-02-21 00:00:00,25.34,26.91,541.34,6.46,57.01
Sidoarjo,2026-02-21 01:00:00,22.91,24.26,518.95,6.06,54.67
Sidoarjo,2026-02-21 02:00:00,20.05,21.27,496.74,5.74,53.78
Sidoarjo,2026-02-21 03:00:00,17.6,18.73,473.9,5.45,53.99
Sidoarjo,2026-02-21 04:00:00,15.85,16.91,452.18,5.11,54.14
Sidoarjo,2026-02-21 05:00:00,14.77,15.97,436.93,4.96,53.19
Sidoarjo,2026-02-21 06:00:00,14.63,16.23,434.11,5.28,50.53
Sidoarjo,2026-02-21 07:00:00,15.01,17.23,442.3,5.86,47.67
Sidoarjo,2026-02-21 08:00:00,16.11,19.01,462.76,5.82,48.27
Sidoarjo,2026-02-21 09:00:00,18.66,22.0,476.92,5.3,56.73
Sidoarjo,2026-02-21 10:00:00,23.72,27.1,467.97,3.79,73.78
Sidoarjo,2026-02-21 11:00:00,24.91,27.63,416.37,2.14,82.35
Sidoarjo,2026-02-21 12:00:00,25.78,28.44,409.17,1.89,84.99
Sidoarjo,2026-02-21 13:00:00,26.02,28.67,413.76,1.95,86.15
Sidoarjo,2026-02-21 14:00:00,22.98,25.28,414.46,2.54,80.15
Sidoarjo,2026-02-21 15:00:00,18.5,20.34,403.71,2.76,71.19
Sidoarjo,2026-02-21 16:00:00,15.25,16.71,385.07,2.61,65.31
Sidoarjo,2026-02-21 17:00:00,13.01,14.08,360.16,2.26,61.89
Sidoarjo,2026-02-21 18:00:00,12.64,13.73,359.09,2.4,59.3
Sidoarjo,2026-02-21 19:00:00,12.83,14.02,362.7,2.63,57.26
Sidoarjo,2026-02-21 20:00:00,13.6,15.39,388.25,3.47,53.78
Sidoarjo,2026-02-21 21:00:00,14.56,17.2,422.44,4.39,50.1
Sidoarjo,2026-02-21 22:00:00,15.24,18.51,445.07,4.94,47.11
Sidoarjo,2026-02-21 23:00:00,15.95,19.6,465.33,5.32,44.71
Sidoarjo,2026-02-22 00:00:00,16.87,20.51,485.13,5.61,43.13
Sidoarjo,2026-02-22 01:00:00,17.69,21.13,498.49,5.73,42.3
Sidoarjo,2026-02-22 02:00:00,17.6,20.64,496.49,5.5,42.54
Sidoarjo,2026-02-22 03:00:00,17.04,19.54,484.25,5.04,43.41
Sidoarjo,2026-02-22 04:00:00,16.18,18.16,468.8,4.52,44.31
Sidoarjo,2026-02-22 05:00:00,14.38,15.59,438.5,3.17,47.85
Sidoarjo,2026-02-22 06:00:00,13.55,14.49,435.12,2.75,48.42
Sidoarjo,2026-02-22 07:00:00,12.82,13.74,437.89,2.77,47.83
Sidoarjo,2026-02-22 08:00:00,10.73,11.6,427.09,2.82,47.59
Sidoarjo,2026-02-22 09:00:00,9.06,9.92,409.7,2.81,47.24
Sidoarjo,2026-02-22 10:00:00,8.01,8.86,385.93,2.66,46.86
Sidoarjo,2026-02-22 11:00:00,6.93,7.71,351.17,2.32,46.44
Sidoarjo,2026-02-22 12:00:00,6.21,6.95,317.5,1.9,46.22
Sidoarjo,2026-02-22 13:00:00,5.76,6.49,286.26,1.52,45.62
Sidoarjo,2026-02-22 14:00:00,5.24,5.96,257.74,1.28,44.08
Sidoarjo,2026-02-22 15:00:00,4.49,5.16,232.02,1.17,41.53
Sidoarjo,2026-02-22 16:00:00,3.53,4.14,207.16,1.05,38.78
Sidoarjo,2026-02-22 17:00:00,2.59,3.16,185.64,0.98,35.55
Sidoarjo,2026-02-22 18:00:00,1.85,2.41,169.77,0.95,32.48
Sidoarjo,2026-02-22 19:00:00,1.39,2.01,158.98,0.91,29.96
Sidoarjo,2026-02-22 20:00:00,1.13,1.81,151.93,0.87,28.06
Sidoarjo,2026-02-22 21:00:00,0.97,1.67,147.78,0.83,26.68
Sidoarjo,2026-02-22 22:00:00,0.86,1.54,145.04,0.78,25.81
Sidoarjo,2026-02-22 23:00:00,0.79,1.43,143.89,0.74,25.33
Sidoarjo,2026-02-23 00:00:00,0.71,1.27,142.61,0.66,25.31
Sidoarjo,2026-02-23 01:00:00,0.66,1.2,142.95,0.58,25.73
Sidoarjo,2026-02-23 02:00:00,0.65,1.23,145.14,0.51,26.7
Sidoarjo,2026-02-23 03:00:00,0.73,1.34,151.29,0.5,27.81
Sidoarjo,2026-02-23 04:00:00,0.92,1.58,160.24,0.55,28.74
Sidoarjo,2026-02-23 05:00:00,1.14,1.73,170.48,0.67,29.34
Sidoarjo,2026-02-23 06:00:00,1.44,2.05,183.86,0.9,29.4
Sidoarjo,2026-02-23 07:00:00,1.89,2.69,202.95,1.28,29.12
Sidoarjo,2026-02-23 08:00:00,2.42,3.49,226.47,1.77,28.8
Sidoarjo,2026-02-23 09:00:00,3.07,4.37,250.54,2.15,29.59
Sidoarjo,2026-02-23 10:00:00,4.04,5.48,273.12,2.28,32.9
Sidoarjo,2026-02-23 11:00:00,6.0,7.44,300.35,2.34,39.9
Sidoarjo,2026-02-23 12:00:00,9.01,10.3,325.62,2.17,49.57
Sidoarjo,2026-02-23 13:00:00,12.63,13.73,349.6,1.99,59.18
Sidoarjo,2026-02-23 14:00:00,15.04,15.98,367.66,2.05,64.54
Sidoarjo,2026-02-23 15:00:00,14.8,15.65,375.6,2.27,63.45
Sidoarjo,2026-02-23 16:00:00,12.7,13.49,368.16,2.45,58.59
Sidoarjo,2026-02-23 17:00:00,9.04,9.78,331.17,2.2,51.82
Sidoarjo,2026-02-23 18:00:00,7.23,8.06,303.47,2.0,47.81
Sidoarjo,2026-02-23 19:00:00,6.39,7.33,280.29,1.78,46.08
Sidoarjo,2026-02-23 20:00:00,6.0,7.06,261.88,1.57,45.29
Sidoarjo,2026-02-23 21:00:00,5.76,6.86,249.15,1.44,44.53
Bojonegoro,2026-02-16 22:00:00,31.04,32.88,701.85,6.46,56.64
Bojonegoro,2026-02-16 23:00:00,28.67,30.45,708.24,6.28,53.52
Bojonegoro,2026-02-17 00:00:00,26.09,27.68,705.07,5.83,52.28
Bojonegoro,2026-02-17 01:00:00,24.36,25.77,699.09,5.46,51.28
Bojonegoro,2026-02-17 02:00:00,23.36,24.59,697.48,5.32,49.94
Bojonegoro,2026-02-17 03:00:00,22.97,24.07,699.53,5.33,48.1
Bojonegoro,2026-02-17 04:00:00,21.99,22.98,691.74,5.15,46.4
Bojonegoro,2026-02-17 05:00:00,20.83,21.84,674.26,4.72,45.09
Bojonegoro,2026-02-17 06:00:00,19.85,20.95,655.49,4.33,44.12
Bojonegoro,2026-02-17 07:00:00,19.17,20.45,642.35,4.24,43.27
Bojonegoro,2026-02-17 08:00:00,20.76,22.98,674.61,5.25,42.09
Bojonegoro,2026-02-17 09:00:00,25.33,29.31,750.09,6.98,42.4
Bojonegoro,2026-02-17 10:00:00,31.85,37.55,826.17,8.22,47.76
Bojonegoro,2026-02-17 11:00:00,38.93,45.78,880.24,9.33,56.78
Bojonegoro,2026-02-17 12:00:00,41.5,48.57,875.17,9.86,62.06
Bojonegoro,2026-02-17 13:00:00,41.92,49.01,859.6,10.15,63.43
Bojonegoro,2026-02-17 14:00:00,43.97,50.97,847.89,9.87,66.99
Bojonegoro,2026-02-17 15:00:00,45.99,52.73,840.02,9.89,68.7
Bojonegoro,2026-02-17 16:00:00,45.16,51.21,815.35,10.11,66.59
Bojonegoro,2026-02-17 17:00:00,41.06,44.59,682.39,8.96,70.19
Bojonegoro,2026-02-17 18:00:00,39.23,42.2,633.56,8.6,71.11
Bojonegoro,2026-02-17 19:00:00,39.1,41.92,616.21,7.75,72.21
Bojonegoro,2026-02-17 20:00:00,37.46,40.08,591.41,6.88,72.75
Bojonegoro,2026-02-17 21:00:00,36.72,39.37,587.15,6.61,70.46
Bojonegoro,2026-02-17 22:00:00,34.85,37.61,587.09,6.76,65.24
Bojonegoro,2026-02-17 23:00:00,32.86,35.4,587.47,7.26,58.8
Bojonegoro,2026-02-18 00:00:00,32.05,34.15,593.92,7.76,53.73
Bojonegoro,2026-02-18 01:00:00,31.91,33.59,597.56,7.86,50.77
Bojonegoro,2026-02-18 02:00:00,31.74,33.19,596.31,7.67,49.54
Bojonegoro,2026-02-18 03:00:00,31.43,32.82,591.58,7.48,49.7
Bojonegoro,2026-02-18 04:00:00,30.42,31.73,573.48,7.03,52.47
Bojonegoro,2026-02-18 05:00:00,30.58,32.03,558.87,6.94,53.39
Bojonegoro,2026-02-18 06:00:00,31.92,33.73,559.02,7.36,50.54
Bojonegoro,2026-02-18 07:00:00,31.21,33.58,553.54,7.86,47.39
Bojonegoro,2026-02-18 08:00:00,28.04,30.83,548.87,8.58,44.56
Bojonegoro,2026-02-18 09:00:00,24.02,26.98,543.62,9.12,44.29
Bojonegoro,2026-02-18 10:00:00,21.21,24.24,539.09,9.56,47.1
Bojonegoro,2026-02-18 11:00:00,16.37,18.63,475.7,8.23,53.07
Bojonegoro,2026-02-18 12:00:00,13.39,15.05,419.59,6.44,58.03
Bojonegoro,2026-02-18 13:00:00,13.23,14.64,406.54,5.89,61.97
Bojonegoro,2026-02-18 14:00:00,14.54,15.88,410.72,5.68,65.9
Bojonegoro,2026-02-18 15:00:00,16.05,17.45,425.14,5.98,67.46
Bojonegoro,2026-02-18 16:00:00,16.47,17.92,437.12,6.82,65.97
Bojonegoro,2026-02-18 17:00:00,15.99,17.58,448.53,8.13,61.63
Bojonegoro,2026-02-18 18:00:00,15.27,17.2,465.33,9.69,54.94
Bojonegoro,2026-02-18 19:00:00,14.71,17.15,484.24,10.71,47.44
Bojonegoro,2026-02-18 20:00:00,14.57,17.83,504.37,11.54,40.74
Bojonegoro,2026-02-18 21:00:00,14.91,19.03,520.14,12.01,35.67
Bojonegoro,2026-02-18 22:00:00,15.44,20.06,522.89,11.86,32.9
Bojonegoro,2026-02-18 23:00:00,15.27,19.54,494.77,9.84,36.41
Bojonegoro,2026-02-19 00:00:00,15.51,19.58,481.23,8.58,37.98
Bojonegoro,2026-02-19 01:00:00,15.81,19.82,472.98,7.89,37.82
Bojonegoro,2026-02-19 02:00:00,16.25,20.23,465.16,7.33,37.47
Bojonegoro,2026-02-19 03:00:00,17.1,21.07,457.06,6.98,36.79
Bojonegoro,2026-02-19 04:00:00,18.24,22.22,448.26,6.74,36.15
Bojonegoro,2026-02-19 05:00:00,19.57,23.62,441.56,6.64,35.28
Bojonegoro,2026-02-19 06:00:00,21.2,25.48,441.88,6.77,33.91
Bojonegoro,2026-02-19 07:00:00,23.13,27.91,451.7,7.26,33.13
Bojonegoro,2026-02-19 08:00:00,26.13,32.1,484.51,7.42,37.3
Bojonegoro,2026-02-19 09:00:00,31.91,39.44,528.26,7.01,54.45
Bojonegoro,2026-02-19 10:00:00,45.94,54.84,564.2,5.46,89.1
Bojonegoro,2026-02-19 11:00:00,55.12,63.54,539.14,3.81,113.73
Bojonegoro,2026-02-19 12:00:00,59.34,67.56,529.58,3.57,121.36
Bojonegoro,2026-02-19 13:00:00,63.59,71.8,532.29,3.48,128.08
Bojonegoro,2026-02-19 14:00:00,67.31,75.51,538.95,3.79,131.54
Bojonegoro,2026-02-19 15:00:00,66.33,74.17,536.27,4.31,126.17
Bojonegoro,2026-02-19 16:00:00,61.62,68.5,514.3,4.68,116.37
Bojonegoro,2026-02-19 17:00:00,44.28,48.26,417.49,4.06,96.45
Bojonegoro,2026-02-19 18:00:00,33.55,36.67,387.19,4.21,83.72
Bojonegoro,2026-02-19 19:00:00,28.34,31.18,384.26,4.16,77.67
Bojonegoro,2026-02-19 20:00:00,25.35,28.01,387.96,3.99,74.02
Bojonegoro,2026-02-19 21:00:00,25.39,28.09,408.51,4.05,72.32
Bojonegoro,2026-02-19 22:00:00,26.95,29.75,439.98,4.24,70.99
Bojonegoro,2026-02-19 23:00:00,29.73,32.6,476.25,4.4,70.09
Bojonegoro,2026-02-20 00:00:00,33.21,36.07,508.48,4.33,69.85
Bojonegoro,2026-02-20 01:00:00,35.74,38.52,533.32,4.07,69.38
Bojonegoro,2026-02-20 02:00:00,37.33,39.84,559.03,3.96,68.26
Bojonegoro,2026-02-20 03:00:00,36.33,38.45,573.69,4.04,64.78
Bojonegoro,2026-02-20 04:00:00,32.6,34.35,564.08,4.09,58.89
Bojonegoro,2026-02-20 05:00:00,25.76,27.24,530.11,4.02,52.65
Bojonegoro,2026-02-20 06:00:00,22.34,23.84,509.43,4.33,47.49
Bojonegoro,2026-02-20 07:00:00,21.38,23.14,499.31,5.13,43.27
Bojonegoro,2026-02-20 08:00:00,32.83,40.24,698.81,11.88,28.97
Bojonegoro,2026-02-20 09:00:00,33.86,42.16,720.09,12.76,32.99
Bojonegoro,2026-02-20 10:00:00,37.12,46.16,731.54,12.69,43.52
Bojonegoro,2026-02-20 11:00:00,37.78,45.33,653.74,11.28,56.92
Bojonegoro,2026-02-20 12:00:00,37.94,44.58,621.25,10.75,59.85
Bojonegoro,2026-02-20 13:00:00,37.17,42.77,594.1,10.43,61.3
Bojonegoro,2026-02-20 14:00:00,37.35,41.47,582.42,10.35,63.96
Bojonegoro,2026-02-20 15:00:00,38.23,41.75,602.31,10.98,63.29
Bojonegoro,2026-02-20 16:00:00,37.25,40.54,620.19,11.82,59.18
Bojonegoro,2026-02-20 17:00:00,36.78,41.09,686.29,13.02,50.36
Bojonegoro,2026-02-20 18:00:00,38.53,44.66,800.54,12.83,45.11
Bojonegoro,2026-02-20 19:00:00,40.73,48.92,890.59,11.73,44.14
Bojonegoro,2026-02-20 20:00:00,41.64,52.1,929.66,10.31,46.24
Bojonegoro,2026-02-20 21:00:00,42.47,55.1,944.97,9.31,48.18
Bojonegoro,2026-02-20 22:00:00,43.1,56.87,944.44,8.67,50.32
Bojonegoro,2026-02-20 23:00:00,41.88,55.01,905.18,8.82,52.04
Bojonegoro,2026-02-21 00:00:00,38.91,50.38,852.86,9.04,51.64
Bojonegoro,2026-02-21 01:00:00,35.51,45.32,797.28,9.15,49.64
Bojonegoro,2026-02-21 02:00:00,31.67,40.23,748.04,9.07,47.37
Bojonegoro,2026-02-21 03:00:00,29.41,37.4,721.01,8.64,45.24
Bojonegoro,2026-02-21 04:00:00,28.25,35.83,707.06,8.22,43.02
Bojonegoro,2026-02-21 05:00:00,27.95,35.25,698.83,7.81,41.06
Bojonegoro,2026-02-21 06:00:00,28.4,35.65,693.52,7.57,38.86
Bojonegoro,2026-02-21 07:00:00,29.37,37.06,703.56,7.9,36.83
Bojonegoro,2026-02-21 08:00:00,24.48,29.75,596.91,9.18,38.6
Bojonegoro,2026-02-21 09:00:00,24.85,30.25,592.94,8.99,40.39
Bojonegoro,2026-02-21 10:00:00,26.56,32.05,589.9,8.33,44.9
Bojonegoro,2026-02-21 11:00:00,21.51,24.42,470.57,5.68,51.56
Bojonegoro,2026-02-21 12:00:00,18.12,19.97,430.07,4.48,53.46
Bojonegoro,2026-02-21 13:00:00,18.22,19.77,430.64,4.06,56.78
Bojonegoro,2026-02-21 14:00:00,19.92,21.73,448.51,4.26,59.7
Bojonegoro,2026-02-21 15:00:00,20.72,23.06,462.26,4.76,59.39
Bojonegoro,2026-02-21 16:00:00,19.4,22.14,454.76,5.18,56.81
Bojonegoro,2026-02-21 17:00:00,17.61,20.69,451.29,5.95,52.09
Bojonegoro,2026-02-21 18:00:00,17.11,20.72,472.04,7.05,47.4
Bojonegoro,2026-02-21 19:00:00,17.83,22.09,504.94,7.98,43.67
Bojonegoro,2026-02-21 20:00:00,20.19,25.51,562.42,8.87,39.68
Bojonegoro,2026-02-21 21:00:00,23.69,30.46,629.26,9.21,37.13
Bojonegoro,2026-02-21 22:00:00,27.5,35.4,691.46,9.13,36.37
Bojonegoro,2026-02-21 23:00:00,31.11,39.97,747.59,8.87,36.34
Bojonegoro,2026-02-22 00:00:00,33.44,42.47,781.59,8.51,36.14
Bojonegoro,2026-02-22 01:00:00,34.32,43.04,792.54,8.09,35.53
Bojonegoro,2026-02-22 02:00:00,33.71,41.62,788.07,7.74,34.71
Bojonegoro,2026-02-22 03:00:00,32.49,39.28,774.7,7.49,33.55
Bojonegoro,2026-02-22 04:00:00,31.25,37.03,754.35,7.24,32.46
Bojonegoro,2026-02-22 05:00:00,29.27,33.94,712.58,6.73,32.64
Bojonegoro,2026-02-22 06:00:00,28.61,32.96,692.22,6.3,32.2
Bojonegoro,2026-02-22 07:00:00,29.34,34.28,707.68,6.61,31.65
Bojonegoro,2026-02-22 08:00:00,24.02,28.14,630.77,6.21,36.08
Bojonegoro,2026-02-22 09:00:00,22.22,26.34,612.23,6.8,38.03
Bojonegoro,2026-02-22 10:00:00,22.26,26.54,599.51,7.52,42.1
Bojonegoro,2026-02-22 11:00:00,21.25,25.25,554.04,7.59,47.24
Bojonegoro,2026-02-22 12:00:00,20.88,24.56,522.83,7.07,50.78
Bojonegoro,2026-02-22 13:00:00,20.7,24.06,494.63,6.48,52.13
Bojonegoro,2026-02-22 14:00:00,20.33,23.4,460.94,5.46,51.58
Bojonegoro,2026-02-22 15:00:00,20.08,23.02,436.37,4.93,47.77
Bojonegoro,2026-02-22 16:00:00,19.36,22.27,418.27,4.67,41.75
Bojonegoro,2026-02-22 17:00:00,18.63,21.73,417.81,4.91,34.53
Bojonegoro,2026-02-22 18:00:00,18.44,22.0,437.94,5.65,27.99
Bojonegoro,2026-02-22 19:00:00,18.44,22.61,461.12,6.0,23.93
Bojonegoro,2026-02-22 20:00:00,18.67,23.62,481.4,6.0,21.46
Bojonegoro,2026-02-22 21:00:00,19.13,24.63,500.17,5.72,19.83
Bojonegoro,2026-02-22 22:00:00,19.25,24.96,513.12,5.33,19.07
Bojonegoro,2026-02-22 23:00:00,18.98,24.42,519.64,5.08,19.08
Bojonegoro,2026-02-23 00:00:00,18.48,23.08,517.4,4.97,19.56
Bojonegoro,2026-02-23 01:00:00,18.13,22.16,511.67,4.89,20.12
Bojonegoro,2026-02-23 02:00:00,18.56,22.59,526.42,4.87,20.22
Bojonegoro,2026-02-23 03:00:00,19.52,23.83,552.23,4.65,19.78
Bojonegoro,2026-02-23 04:00:00,20.49,25.07,572.81,4.64,19.21
Bojonegoro,2026-02-23 05:00:00,21.24,25.93,588.82,4.86,18.76
Bojonegoro,2026-02-23 06:00:00,21.44,25.9,599.6,5.38,18.45
Bojonegoro,2026-02-23 07:00:00,21.57,26.58,622.16,6.12,18.76
Bojonegoro,2026-02-23 08:00:00,15.98,20.26,519.93,5.84,24.2
Bojonegoro,2026-02-23 09:00:00,16.15,21.05,542.5,6.28,26.91
Bojonegoro,2026-02-23 10:00:00,17.64,22.88,574.47,6.89,32.61
Bojonegoro,2026-02-23 11:00:00,19.5,24.24,576.75,7.07,43.93
Bojonegoro,2026-02-23 12:00:00,22.11,26.25,578.45,6.79,53.54
Bojonegoro,2026-02-23 13:00:00,24.0,27.52,582.23,6.29,59.37
Bojonegoro,2026-02-23 14:00:00,20.92,23.67,524.82,5.17,58.82
Bojonegoro,2026-02-23 15:00:00,17.43,19.97,471.18,4.82,53.71
Bojonegoro,2026-02-23 16:00:00,16.04,18.62,448.17,4.95,50.6
Bojonegoro,2026-02-23 17:00:00,15.97,18.8,445.98,5.45,48.48
Bojonegoro,2026-02-23 18:00:00,17.2,20.59,467.68,6.2,46.99
Bojonegoro,2026-02-23 19:00:00,18.78,22.91,489.92,6.48,46.02
Bojonegoro,2026-02-23 20:00:00,20.89,26.63,526.02,6.91,41.7
Bojonegoro,2026-02-23 21:00:00,23.04,30.46,564.08,7.23,36.02
